,season_pval,depth_pval,spearman_r,spearman_p,season_pval_corr,depth_pval_corr,spearman_pval_corr
"M00001Glycolysis (Embden-Meyerhof pathway), glucose => pyruvate",0.9272728117748169,0.00048644905539501796,0.6582561494594321,0.00011430121356715806,0.9978157343095563,0.006560526125185551,0.0016285189985809547
"M00002Glycolysis, core module involving three-carbon compounds",0.9033619930189418,0.0011142769613744178,0.6189572748648392,0.0002857608480200451,0.9978157343095563,0.006786016454594713,0.001954966947092823
"M00003Gluconeogenesis, oxaloacetate => fructose-6P",0.9897070107529704,0.0011388027613457796,0.6222321810810553,0.0002652606580876399,0.9978157343095563,0.006786016454594713,0.0019231397711353894
M00004Pentose phosphate pathway (Pentose phosphate cycle),0.8826488265559637,0.0010106645975541324,0.6058576499999748,0.000383540841042609,0.9978157343095563,0.006786016454594713,0.0021389777673530117
"M00005PRPP biosynthesis, ribose 5P => PRPP",0.7543971179467865,0.0011388027613457796,0.6156823686486231,0.0003077382482214601,0.9978157343095563,0.006786016454594713,0.001954966947092823
"M00006Pentose phosphate pathway, oxidative phase, glucose 6P => ribulose 5P",0.13285883414895253,0.09843898953246186,0.026199249729728646,0.8757967812403085,0.7809944980377614,0.17689154297651968,0.9136009588478038
"M00007Pentose phosphate pathway, non-oxidative phase, fructose 6P => ribose 5P",0.9238109064345461,0.00029240012944587666,0.6779055867567286,7.093811920838064e-05,0.9978157343095563,0.006560526125185551,0.0016285189985809547
"M00008Entner-Doudoroff pathway, glucose-6P => glyceraldehyde-3P + pyruvate",0.199492530135445,0.11655413924196849,-0.3504149651351206,0.04042313071846248,0.9183527881623166,0.19961043531596964,0.07780558346252735
"M00009Citrate cycle (TCA cycle, Krebs cycle)",0.5577874162815655,0.005092277869145741,0.5469093381080854,0.001346324818484336,0.9978157343095563,0.017301035984131994,0.004722994322908759
"M00010Citrate cycle, first carbon oxidation, oxaloacetate => 2-oxoglutarate",0.07663684347934983,0.13645754454080855,0.17357002945945227,0.30801351020621237,0.7092984449684506,0.22552104221600527,0.41740148579346537
"M00011Citrate cycle, second carbon oxidation, 2-oxoglutarate => oxaloacetate",0.2814735910010443,0.06697382192667575,0.3897138397297136,0.022296513432427268,0.9978157343095563,0.1330301942379176,0.048014769025276544
M00012Glyoxylate cycle,0.6439217830755666,0.02797129210935599,-0.45193705783781907,0.008193787298623698,0.9978157343095563,0.06437837072788284,0.020137273869498918
"M00013Malonate semialdehyde pathway, propanoyl-CoA => acetyl-CoA",0.030237159621666773,0.5407139598264452,-0.18666965432431656,0.2755372162533527,0.5480485181427103,0.6489366579255768,0.3805037748260585
M00014Glucuronate pathway (uronate pathway),0.8384727596322913,0.034540745749032306,0.43556252675673873,0.010655501042375413,0.9978157343095563,0.07705243282476437,0.025190994312137525
"M00015Proline biosynthesis, glutamate => proline",0.7505565375968307,0.00043562066019935835,0.648431430810784,0.00014440597733075228,0.9978157343095563,0.006560526125185551,0.0016285189985809547
"M00016Lysine biosynthesis, succinyl-DAP pathway, aspartate => lysine",0.32671744518575013,0.002004295878967544,0.5076104635134924,0.0029226552196587713,0.9978157343095563,0.008806754619705873,0.008767965658976315
"M00017Methionine biosynthesis, aspartate => homoserine => methionine",0.5138069514165973,0.010422234588116617,0.43556252675673873,0.010655501042375413,0.9978157343095563,0.02887689201166069,0.025190994312137525
"M00018Threonine biosynthesis, aspartate => homoserine => threonine",0.01317110903100968,0.06106625871915027,0.2816419345945829,0.09846551745142523,0.3370254369699536,0.12241392876880354,0.1641091957523754
"M00019Valine/isoleucine biosynthesis, pyruvate => valine / 2-oxobutanoate => isoleucine",0.4044545224016787,0.0023749169921196086,0.5796584002702463,0.0006795052698824477,0.9978157343095563,0.009655036369832053,0.0029590643540291207
"M00020Serine biosynthesis, glycerate-3P => serine",0.922504743158731,0.0018398926562675545,0.5960329313513266,0.00047652318590953236,0.9978157343095563,0.008437761789043687,0.0023031953985627397
"M00021Cysteine biosynthesis, serine => cysteine",0.9571228135019316,0.0007390017934117057,0.5960329313513266,0.00047652318590953236,0.9978157343095563,0.006560526125185551,0.0023031953985627397
"M00022Shikimate pathway, phosphoenolpyruvate + erythrose-4P => chorismate",0.11930391360913258,0.13172655908785383,0.29474155945944724,0.08379859282484113,0.7725447944274099,0.21954426514642306,0.14183808513154042
"M00023Tryptophan biosynthesis, chorismate => tryptophan",0.45650765921812886,0.2843619138667787,0.18011984189188443,0.29016527295356853,0.9978157343095563,0.4055653525640942,0.39692419413459845
"M00024Phenylalanine biosynthesis, chorismate => phenylpyruvate => phenylalanine",0.3655426454584422,0.6411803884299555,0.1309962486486432,0.4412647101620216,0.9978157343095563,0.7298756146238256,0.5547692165331775
"M00025Tyrosine biosynthesis, chorismate => HPP => tyrosine",0.3934809024512338,0.2563757566864133,0.27836702837836685,0.1024356138878961,0.9978157343095563,0.3703935854001252,0.16878595470164698
"M00026Histidine biosynthesis, PRPP => histidine",0.3393295751686926,0.04455142624448988,0.2488928724324221,0.14414203583183902,0.9978157343095563,0.09317245392477451,0.2271803825610506
M00027GABA (gamma-Aminobutyrate) shunt,0.9087771796919784,0.034540745749032306,-0.43556252675673873,0.010831809045337301,0.9978157343095563,0.07705243282476437,0.025469388836333654
"M00028Ornithine biosynthesis, glutamate => ornithine",0.25834653264252483,0.04845949294467666,0.39298874594592964,0.021196930264646193,0.9894254305536125,0.09990464185276943,0.04587395355781639
M00029Urea cycle,0.7572808555719698,0.49710751468397707,0.16047040459458795,0.3458450161647225,0.9978157343095563,0.6125829146955525,0.4569849994810919
"M00030Lysine biosynthesis, AAA pathway, 2-oxoglutarate => 2-aminoadipate => lysine",0.4355358046507395,0.039538496747794645,0.4159130894594422,0.014739456527662747,0.9978157343095563,0.08514478260044886,0.03322105486804816
"M00031Lysine biosynthesis, mediated by LysW, 2-aminoadipate => lysine",0.760167263257551,0.000855509111823503,0.6353318059459195,0.00019626400938781,0.9978157343095563,0.006576492132319202,0.0016740165506607325
"M00032Lysine degradation, lysine => saccharopine => acetoacetyl-CoA",0.12700508528756085,0.4730763445726155,0.19321946675674873,0.25659364701790865,0.778129747888577,0.5913454307157693,0.3589010818417694
"M00033Ectoine biosynthesis, aspartate => ectoine",0.12003264676731647,0.536669745692828,0.022924343513512562,0.8909361596626789,0.7725447944274099,0.6466796104608868,0.9227553082220603
M00034Methionine salvage pathway,0.0505845657586294,0.08080101385965813,-0.3635145899999849,0.033493369893159076,0.6109247376726116,0.15085167823584242,0.0665279265001105
M00035Methionine degradation,0.823035684968642,0.07724208632777127,0.3635145899999849,0.033020132090082636,0.9978157343095563,0.14608829370687174,0.06619243068749285
"M00036Leucine degradation, leucine => acetoacetate + acetyl-CoA",0.5676419676118849,0.013656447240592206,-0.44866215162160306,0.00867002691286536,0.9978157343095563,0.03578647319070849,0.02106961847539906
"M00037Melatonin biosynthesis, animals, tryptophan => serotonin => melatonin",0.22014487039347974,0.6426261158641913,-0.11134681135134675,0.5161704926806623,0.9297380448656668,0.7298756146238256,0.6237060119891336
"M00038Tryptophan metabolism, tryptophan => kynurenine => 2-aminomuconate",0.9891875859777548,0.000307715058991079,-0.6648059618918642,9.996466697430401e-05,0.9978157343095563,0.006560526125185551,0.0016285189985809547
"M00039Monolignol biosynthesis, phenylalanine/tyrosine => monolignol",0.025763950649986177,0.05103593812896287,-0.08842246783783417,0.6065531282804307,0.5094235696701812,0.10422832434788193,0.7111876301940361
"M00040Tyrosine biosynthesis, chorismate => arogenate => tyrosine",0.6261507648313203,0.09002591932104725,0.24561796621620602,0.14948332315957033,0.9978157343095563,0.16385470671403998,0.2339037610590399
"M00042Catecholamine biosynthesis, tyrosine => dopamine => noradrenaline => adrenaline",0.31197729128060275,0.9769954605423117,0.022924343513512562,0.8909361596626789,0.9978157343095563,0.9837801512405222,0.9227553082220603
"M00044Tyrosine degradation, tyrosine => homogentisate",0.949302457651306,0.0019952878227987242,-0.5927580251351106,0.00052294823903459,0.9978157343095563,0.008806754619705873,0.0024460482148392112
"M00045Histidine degradation, histidine => N-formiminoglutamate => glutamate",0.0009515311474213069,0.1900134042433902,0.2488928724324221,0.14414203583183902,0.17202354785165286,0.2920700736603348,0.2271803825610506
"M00046Pyrimidine degradation, uracil => beta-alanine, thymine => 3-aminoisobutanoate",0.09363315466653604,0.3163516394844357,0.10807190513513064,0.5249071784802306,0.7586497791790644,0.4368665497642207,0.6307586260743103
M00047Creatine pathway,0.4450628827650758,0.8955113703440499,0.02947415594594472,0.8607027187009466,0.9978157343095563,0.9297075085910781,0.9109627314718048
"M00048De novo purine biosynthesis, PRPP + glutamine => IMP",0.1523871040069409,0.005005102948491629,0.5501842443243016,0.0012592968470357278,0.8441552741153155,0.017143462855069753,0.0044901158070536195
"M00049Adenine ribonucleotide biosynthesis, IMP => ADP,ATP",0.8297977797293159,0.00047099613936408803,0.6615310556756482,0.0001056579962114328,0.9978157343095563,0.006560526125185551,0.0016285189985809547
"M00050Guanine ribonucleotide biosynthesis, IMP => GDP,GTP",0.9255457754990716,0.00048644905539501796,0.6582561494594321,0.00011430121356715806,0.9978157343095563,0.006560526125185551,0.0016285189985809547
"M00051De novo pyrimidine biosynthesis, glutamine (+ PRPP) => UMP",0.6035016478183006,0.07361850495291344,0.3766142148648493,0.02720537373317669,0.9978157343095563,0.14232910957563266,0.05635398844729457
"M00052Pyrimidine ribonucleotide biosynthesis, UMP => UDP/UTP,CDP/CTP",0.8447207561667619,0.0004629331364933655,0.6582561494594321,0.00011430121356715806,0.9978157343095563,0.006560526125185551,0.0016285189985809547
"M00053Deoxyribonucleotide biosynthesis, ADP/GDP/CDP/UDP => dATP/dGTP/dCTP/dUTP",0.5987784007326287,0.03848420015486576,-0.2980164656756633,0.08141766276928529,0.9978157343095563,0.08370313533683303,0.13888895413583963
M00055N-glycan precursor biosynthesis,0.7620929453728101,0.04525937964495676,0.40936327702701,0.01637903338424475,0.9978157343095563,0.09375157212169613,0.03635142613340033
"M00056O-glycan biosynthesis, mucin type core",0.5372517306637026,0.43232027479206836,0.21286890405404524,0.21146068909827664,0.9978157343095563,0.5547472552641585,0.30971515069949607
"M00059Glycosaminoglycan biosynthesis, heparan sulfate backbone",0.9132488252782351,0.2452676034826803,0.2750921221621508,0.10653203375733715,0.9978157343095563,0.3592303283332186,0.17356342578442568
"M00060KDO2-lipid A biosynthesis, Raetz pathway, LpxL-LpxM type",0.3782421232000465,0.021346940603257623,0.45193705783781907,0.008056373069022732,0.9978157343095563,0.05130342078683462,0.02002584162871365
"M00061D-Glucuronate degradation, D-glucuronate => pyruvate + D-glyceraldehyde 3P",0.05900322620143244,0.29281091246897134,0.20304418540539698,0.23325378147420284,0.6416600849405778,0.41489494112052944,0.3326734260369778
"M00063CMP-3-deoxy-D-manno-octulosonate biosynthesis, ribulose-5P => CMP-KDO",0.49710988278992196,0.0008402325729984726,0.5665587754053819,0.0008969629610545175,0.9978157343095563,0.006576492132319202,0.003515125117646082
"M00064ADP-L-glycero-D-manno-heptose biosynthesis, sedoheptulose-7P => ADP-LDmanHep",0.045333922882803905,0.020950021306127053,0.19976927918918091,0.2408603560117779,0.6109247376726116,0.05062921815647371,0.34128421780170487
"M00065GPI-anchor biosynthesis, core oligosaccharide",0.9087771796919784,0.30015584572754833,0.026199249729728646,0.8757967812403085,0.9978157343095563,0.4225494915582023,0.9136009588478038
M00066Lactosylceramide biosynthesis,0.18034640315041808,0.01218368328995037,0.5010606510810602,0.003309791470913737,0.8929386891496974,0.032715445871163026,0.009534829734089242
M00072N-glycosylation by oligosaccharyltransferase,0.5080675085312822,0.002822534270495933,0.5763834940540301,0.0007287246602967885,0.9978157343095563,0.010962521497015454,0.0030480310310490675
M00073N-glycan precursor trimming,0.13872845138352388,0.4114210492538596,0.21286890405404524,0.21146068909827664,0.7932564922881098,0.5358328036689488,0.30971515069949607
"M00074N-glycan biosynthesis, high-mannose type",0.07436251345222179,0.7181469385497542,0.12772134243242714,0.45272528425246616,0.7092984449684506,0.7888735309826845,0.5659066053155827
"M00075N-glycan biosynthesis, complex type",0.45058254656731733,0.11481715018324395,0.34386515270268847,0.043720722290911986,0.9978157343095563,0.19770952507022788,0.08233123028808102
M00076Dermatan sulfate degradation,0.1533063601266895,0.6875473186898728,0.03602396837837688,0.8306720828147041,0.8441552741153155,0.7728245055041206,0.8966311563880801
M00077Chondroitin sulfate degradation,0.3431678784669256,0.9910314505214036,-0.01964943729729648,0.9106488850263198,0.9978157343095563,0.9910314505214036,0.9320759176151744
M00078Heparan sulfate degradation,0.06672652096583861,0.5118776385714927,0.1506456859459397,0.37608153970320335,0.6750241074451115,0.625468462861234,0.48689127908004004
M00079Keratan sulfate degradation,0.2280283356791631,0.09962857018217774,0.3143909967567437,0.06516294265115338,0.9446888192422471,0.17689154297651968,0.11569746960510907
M00081Pectin degradation,0.1291149321459074,0.32501827291669233,0.24561796621620602,0.14948332315957033,0.7800693817148573,0.4474143946796239,0.2339037610590399
"M00082Fatty acid biosynthesis, initiation",0.628355906776318,0.00027329603993226894,-0.6779055867567286,7.266172136342005e-05,0.9978157343095563,0.006560526125185551,0.0016285189985809547
"M00083Fatty acid biosynthesis, elongation",0.6301234013926227,0.0005050562034905982,-0.6418816183783518,0.00017236290555349294,0.9978157343095563,0.006560526125185551,0.001629953563386292
M00085Fatty acid elongation in mitochondria,0.18689893316420814,0.11796263143947044,-0.22596852891890953,0.1866483455606618,0.8929386891496974,0.20123037127909665,0.27901041346696864
"M00086beta-Oxidation, acyl-CoA synthesis",0.8211017911188013,0.7208477512376076,0.12444643621621106,0.4643521010124293,0.9978157343095563,0.7896376976609366,0.5771233255440192
M00087beta-Oxidation,0.3537775105428024,0.3634869033296859,-0.2226936227026935,0.19312864547888708,0.9978157343095563,0.4865132398412719,0.2877087698058763
"M00088Ketone body biosynthesis, acetyl-CoA => acetoacetate/3-hydroxybutyrate/acetone",0.5325006469407096,0.001853757644828103,0.5993078375675427,0.00044341526181206894,0.9978157343095563,0.008437761789043687,0.0023031953985627397
M00089Triacylglycerol biosynthesis,0.0025534229140500198,0.9193539498102321,-0.0654981243243216,0.7033962343255867,0.18512316126862643,0.945434912925416,0.8030901887969297
"M00090Phosphatidylcholine (PC) biosynthesis, choline => PC",0.08357417234938393,0.9339631286820734,-0.003274906216216081,0.9869789646594381,0.741933979020041,0.9559387317098869,0.9892531097392986
"M00091Phosphatidylcholine (PC) biosynthesis, PE => PC",0.3812490210240507,0.45359954006255876,-0.05894831189188944,0.7320649691063161,0.9978157343095563,0.5719298548614871,0.8292923478157488
"M00092Phosphatidylethanolamine (PE) biosynthesis, ethanolamine => PE",0.38215505669045724,0.04148462375073802,0.35368987135133667,0.03805160106253798,0.9978157343095563,0.08889562232301004,0.07356642872090675
"M00093Phosphatidylethanolamine (PE) biosynthesis, PA => PS => PE",0.5408353321166646,0.0029793025005894714,-0.5763834940540301,0.0007440312289718005,0.9978157343095563,0.011294945987143161,0.0030533357037993702
M00094Ceramide biosynthesis,0.012600945352455935,0.1737739434504451,-0.07859774918918593,0.6473405309522324,0.3370254369699536,0.2728940989203741,0.7549413698772685
"M00095C5 isoprenoid biosynthesis, mevalonate pathway",0.6743230184729604,0.0004044173927100849,0.6680808681080803,9.018816097533296e-05,0.9978157343095563,0.006560526125185551,0.0016285189985809547
"M00096C5 isoprenoid biosynthesis, non-mevalonate pathway",0.5565641289883068,0.00013957940922867552,0.6942801178378091,4.721187280857807e-05,0.9978157343095563,0.006560526125185551,0.0016285189985809547
"M00097beta-Carotene biosynthesis, GGAP => beta-carotene",0.3990927204197757,0.9424152262682428,0.055673405675673374,0.74221645811208,0.9978157343095563,0.9600717176268985,0.8364356457998829
M00098Acylglycerol degradation,0.0008279165915326405,0.5793805312420193,-0.14409587351350753,0.4003145288673282,0.17202354785165286,0.6830095693503478,0.510665161458322
M00099Sphingosine biosynthesis,0.04525243128729785,0.49710751468397707,0.19321946675674873,0.25659364701790865,0.6109247376726116,0.6125829146955525,0.3589010818417694
M00100Sphingosine degradation,0.08765145925460512,0.5016061946595481,-0.17357002945945227,0.31073570049029064,0.7476153877598671,0.6163804934375804,0.4197827009729082
"M00101Cholesterol biosynthesis, FPP => cholesterol",0.5504762858588959,0.0012083874810206582,-0.609132556216191,0.00036438670934507434,0.9978157343095563,0.006826604600571251,0.0021134429142014312
"M00102Ergocalciferol biosynthesis, FPP => ergosterol/ergocalciferol",0.20478211598102233,0.009424765614791563,-0.45193705783781907,0.008193787298623698,0.9183527881623166,0.026621902872950194,0.020137273869498918
"M00104Bile acid biosynthesis, cholesterol => cholate/chenodeoxycholate",0.23577712414490248,0.3001558457275506,-0.12117152999999498,0.4796909490707244,0.9504090135183745,0.4225494915582023,0.5911205746338954
"M00112Tocopherol/tocotorienol biosynthesis, homogentisate + phytyl/geranylgeranyl-PP => tocopherol/tocotorienol",0.051870643676701744,0.6969015606581099,-0.1342711548648593,0.4333220080753376,0.6109247376726116,0.7793115138464726,0.5463625319210779
M00113Jasmonic acid biosynthesis,0.9520746609329802,0.1270641676466014,-0.33404043405404016,0.05076050731168213,0.9978157343095563,0.21258812663950616,0.09356279949399035
"M00114Ascorbate biosynthesis, plants, fructose-6P => ascorbate",0.6104146072256593,0.016575163978286664,0.39626365216214576,0.02014488825860935,0.9978157343095563,0.041677435436732364,0.043815131962475336
"M00115NAD biosynthesis, aspartate => quinolinate => NAD",0.9167973017437566,0.00027125195047004823,0.6844553991891609,6.0340008747673025e-05,0.9978157343095563,0.006560526125185551,0.0016285189985809547
"M00116Menaquinone biosynthesis, chorismate (+ polyprenyl-PP) => menaquinol",0.0016721186919749864,0.5118776385714892,-0.1506456859459397,0.37917380546874024,0.17202354785165286,0.625468462861234,0.48943799815697925
"M00117Ubiquinone biosynthesis, prokaryotes, chorismate (+ polyprenyl-PP) => ubiquinol",0.5250415146866698,0.0038630188862210585,-0.5600089629729498,0.0010494683074225499,0.9978157343095563,0.013887712524844302,0.0038688026587187217
"M00118Glutathione biosynthesis, glutamate => glutathione",0.5277805570495808,0.23010507668824212,-0.24234305999998995,0.15664108590332568,0.9978157343095563,0.34279352177871686,0.24422534898905618
"M00119Pantothenate biosynthesis, valine/L-aspartate => pantothenate",0.2280283356791631,0.11100298366144751,0.35368987135133667,0.03805160106253798,0.9446888192422471,0.19392087507120345,0.07356642872090675
"M00120Coenzyme A biosynthesis, pantothenate => CoA",0.8133600109399881,0.252934523378554,-0.03602396837837688,0.8351352351452707,0.9978157343095563,0.36798166444706015,0.8969971044152907
"M00121Heme biosynthesis, plants and bacteria, glutamate => heme",0.5488609303861152,0.9769954605423048,0.03602396837837688,0.8306720828147041,0.9978157343095563,0.9837801512405222,0.8966311563880801
"M00122Cobalamin biosynthesis, cobyrinate a,c-diamide => cobalamin",0.8988114087382293,0.0002512557937792262,0.6517063370270001,0.00013362637337581713,0.9978157343095563,0.006560526125185551,0.0016285189985809547
"M00123Biotin biosynthesis, pimeloyl-ACP/CoA => biotin",0.5680551968156329,0.301737393391649,-0.23579324756755776,0.16817263816170436,0.9978157343095563,0.42340569717860427,0.25849857809307913
"M00124Pyridoxal-P biosynthesis, erythrose-4P => pyridoxal-P",0.11382244947639611,0.11404397365235962,-0.29474155945944724,0.08482722949397771,0.7725447944274099,0.19764593043337225,0.14302265437938103
"M00125Riboflavin biosynthesis, plants and bacteria, GTP => riboflavin/FMN/FAD",0.9969787672023767,0.9339631286820734,0.03602396837837688,0.8306720828147041,0.9978157343095563,0.9559387317098869,0.8966311563880801
"M00126Tetrahydrofolate biosynthesis, GTP => THF",0.3374245373045461,0.5772097562244278,-0.17684493567566834,0.3016696516866312,0.9978157343095563,0.6830095693503478,0.41008218276151426
"M00127Thiamine biosynthesis, prokaryotes, AIR (+ DXP/tyrosine) => TMP/TPP",0.003198205495707277,0.3321720896291547,0.22924343513512566,0.17847707416434533,0.1987456272332379,0.45296194040339277,0.27049517189388195
"M00128Ubiquinone biosynthesis, eukaryotes, 4-hydroxybenzoate + polyprenyl-PP => ubiquinone",0.6332237044638653,0.005509941895241153,-0.4846861199999799,0.00457141639306539,0.9978157343095563,0.018296371942212987,0.01227509957397188
"M00129Ascorbate biosynthesis, animals, glucose-1P => ascorbate",0.5057854130763635,0.04365744799385892,0.41918799567565834,0.013975278074401703,0.9978157343095563,0.0921892712491681,0.031828512891961994
"M00130Inositol phosphate metabolism, PI=> PIP2 => Ins(1,4,5)P3 => Ins(1,3,4,5)P4",0.2794007287524664,0.9814062677876124,-0.0163745310810804,0.9258716868561949,0.9978157343095563,0.9859393221422896,0.93882094121782
"M00131Inositol phosphate metabolism, Ins(1,3,4,5)P4 => Ins(1,3,4)P3 => myo-inositol",0.47033677771317906,0.10297456394162116,-0.17029512324323617,0.3199797338393191,0.9978157343095563,0.18135196483645832,0.42960242043241914
"M00134Polyamine biosynthesis, arginine => ornithine => putrescine",0.6390054478464493,0.17169905549235015,0.20959399783782917,0.21855520966159336,0.9978157343095563,0.2715966877788084,0.3179649371330873
"M00135GABA biosynthesis, eukaryotes, putrescine => GABA",0.7443271229102166,0.7117062021984683,-0.08842246783783417,0.6065531282804307,0.9978157343095563,0.7837777163451486,0.7111876301940361
"M00136GABA biosynthesis, prokaryotes, putrescine => GABA",0.0014461209327654837,0.7117062021984683,0.049123593243241205,0.7713881417009134,0.17202354785165286,0.7837777163451486,0.8560046980609626
"M00137Flavanone biosynthesis, phenylalanine => naringenin",0.003893132696918143,0.10731552178466944,-0.08842246783783417,0.6065531282804307,0.21168909039492403,0.1882348870013355,0.7111876301940361
"M00138Flavonoid biosynthesis, naringenin => pelargonidin",0.621316104524194,0.3139855201188328,-0.25216777864863815,0.14048180223511822,0.9978157343095563,0.4349799402920166,0.22302767873093587
"M00140C1-unit interconversion, prokaryotes",0.6052251535543782,0.0014832591061624853,0.609132556216191,0.0003565216057659229,0.9978157343095563,0.0075874970042996035,0.0021134429142014312
"M00141C1-unit interconversion, eukaryotes",0.7910804810310019,0.04525937964495676,0.4159130894594422,0.014739456527662747,0.9978157343095563,0.09375157212169613,0.03322105486804816
"M00142NADH:ubiquinone oxidoreductase, mitochondria",0.18437692544821432,0.16487749216910802,-0.16047040459458795,0.3487793559257989,0.8929386891496974,0.2636827540204485,0.4569849994810919
"M00143NADH dehydrogenase (ubiquinone) Fe-S protein/flavoprotein complex, mitochondria",0.9544212621657907,0.4382020931749624,0.055673405675673374,0.74221645811208,0.9978157343095563,0.5589968050765689,0.8364356457998829
"M00144NADH:quinone oxidoreductase, prokaryotes",0.17973368863974665,0.06092887686777899,0.2980164656756633,0.08042270801355557,0.8929386891496974,0.12241392876880354,0.1377318030940814
"M00145NAD(P)H:quinone oxidoreductase, chloroplasts and cyanobacteria",0.2723657929535102,0.6340003923441744,-0.0654981243243216,0.7033962343255867,0.9978157343095563,0.7298670558516269,0.8030901887969297
M00148Succinate dehydrogenase (ubiquinone),0.5668161366670363,0.2563757566864133,0.25216777864863815,0.13894829383692578,0.9978157343095563,0.3703935854001252,0.22140112754235425
"M00149Succinate dehydrogenase, prokaryotes",0.56434367037161,0.27142917096849617,0.01964943729729648,0.9061154051427449,0.9978157343095563,0.38839371503715736,0.9320759176151744
"M00150Fumarate reductase, prokaryotes",0.9473004936102088,0.0027930233534556297,-0.5796584002702463,0.0006938495726688973,0.9978157343095563,0.010945632060839629,0.0029590643540291207
M00151Cytochrome bc1 complex respiratory unit,0.871861095947134,0.001500056879010956,-0.609132556216191,0.00036438670934507434,0.9978157343095563,0.0075874970042996035,0.0021134429142014312
M00152Cytochrome bc1 complex,0.8138441100804443,0.0012083874810206582,-0.6189572748648392,0.00029215579610294404,0.9978157343095563,0.006826604600571251,0.001954966947092823
M00153Cytochrome bd ubiquinol oxidase,0.3788418777151757,0.0011009723208556493,-0.6222321810810553,0.00027122498839142245,0.9978157343095563,0.006786016454594713,0.0019341454090207992
M00154Cytochrome c oxidase,0.43891903895252815,0.26598261637109877,-0.2554426848648543,0.1353902843356122,0.9978157343095563,0.3818562314238547,0.21732388814018935
"M00155Cytochrome c oxidase, prokaryotes",0.856683187570581,0.00939650546923623,-0.43883743297295474,0.01025061645200322,0.9978157343095563,0.026621902872950194,0.024500099761656048
"M00156Cytochrome c oxidase, cbb3-type",0.8317276233152726,0.0013124155795816335,-0.6156823686486231,0.0003145923822907991,0.9978157343095563,0.007136259713975132,0.001954966947092823
"M00157F-type ATPase, prokaryotes and chloroplasts",0.11001410975499853,0.016206022081844487,0.445387245405387,0.009018867897626648,0.7725447944274099,0.04107857570209008,0.0217955974192644
"M00158F-type ATPase, eukaryotes",0.7143804236403654,0.4723665527410149,-0.11789662378377888,0.49169227914537694,0.9978157343095563,0.5913454307157693,0.600803768056851
"M00159V/A-type ATPase, prokaryotes",0.9033619930189418,0.0009071023630785106,0.6320568997297035,0.00021172675314335066,0.9978157343095563,0.006576492132319202,0.0016821672349056022
"M00160V-type ATPase, eukaryotes",0.6515623942134856,0.192165288556378,0.2980164656756633,0.08042270801355557,0.9978157343095563,0.2943376778944522,0.1377318030940814
M00161Photosystem II,0.2613560602112534,0.035168742163878636,-0.4290127143243065,0.012082742602684304,0.9894254305536125,0.07796388376366087,0.027663121221935115
M00162Cytochrome b6f complex,0.5561567894384918,0.8146840130629717,-0.10807190513513064,0.5286423950257748,0.9978157343095563,0.8664732168273659,0.6334970849482425
M00163Photosystem I,0.6398976951367932,0.1992164487163591,-0.2816419345945829,0.09963636146189164,0.9978157343095563,0.3019482759289764,0.1647977841670071
M00165Reductive pentose phosphate cycle (Calvin cycle),0.701223087861425,0.2239693098199283,0.22924343513512566,0.17847707416434533,0.9978157343095563,0.3371164351960858,0.27049517189388195
"M00168CAM (Crassulacean acid metabolism), dark",0.6104146072256593,0.9711452058567459,0.03929887459459296,0.8157461360907636,0.9978157343095563,0.9824375919713593,0.8893472912267725
"M00169CAM (Crassulacean acid metabolism), light",0.8002831064431745,0.06330697541587649,-0.34714005891890454,0.0423342984756913,0.9978157343095563,0.12632355186195537,0.08076938524967418
"M00170C4-dicarboxylic acid cycle, phosphoenolpyruvate carboxykinase type",0.6578927454552452,0.0060839440425638,-0.5043355572972763,0.0031689231440941118,0.9978157343095563,0.019603819692705575,0.009251554145509655
"M00171C4-dicarboxylic acid cycle, NAD - malic enzyme type",0.8886913753039137,0.45359954006255876,0.14737077972972362,0.3865125094847529,0.9978157343095563,0.5719298548614871,0.4959673794273378
"M00172C4-dicarboxylic acid cycle, NADP - malic enzyme type",0.46178756225721773,0.006783627821308673,-0.5207100883783568,0.0023132372296478755,0.9978157343095563,0.02092821349127144,0.007398957315417837
M00173Reductive citrate cycle (Arnon-Buchanan cycle),0.8312452638187297,0.012821823401379974,0.4977857448648442,0.0035203824698757267,0.9978157343095563,0.03380298896727448,0.009943937496077538
"M00174Methane oxidation, methanotroph, methane => formaldehyde",0.6835415798878581,0.0014393789494284417,-0.5763834940540301,0.0007440312289718005,0.9978157343095563,0.0074707337453463465,0.0030533357037993702
"M00175Nitrogen fixation, nitrogen => ammonia",0.4228741259585078,0.4382020931749655,-0.026199249729728646,0.8803069728494378,0.9978157343095563,0.5589968050765689,0.916108931075372
"M00176Assimilatory sulfate reduction, sulfate => H2S",0.9912178320289288,0.0006768586822031534,-0.6451565245945678,0.00015962443811673763,0.9978157343095563,0.006560526125185551,0.0016285189985809547
"M00307Pyruvate oxidation, pyruvate => acetyl-CoA",0.801736382614153,0.000508862185573287,0.6582561494594321,0.00011430121356715806,0.9978157343095563,0.006560526125185551,0.0016285189985809547
"M00308Semi-phosphorylative Entner-Doudoroff pathway, gluconate => glycerate-3P",0.8542970766020098,0.0009661492890211719,0.6255070872972713,0.0002461454208190695,0.9978157343095563,0.006671030805146186,0.0018784782115139514
"M00309Non-phosphorylative Entner-Doudoroff pathway, gluconate/galactonate => glycerate",0.8191672046168652,0.003956947903654436,0.5469093381080854,0.001346324818484336,0.9978157343095563,0.014108789656472782,0.004722994322908759
"M00338Cysteine biosynthesis, homocysteine + serine => cysteine",0.9897070107529704,0.1705428372804358,-0.30784118432431157,0.07185132225085691,0.9978157343095563,0.2707523146605459,0.12552339429366569
"M00344Formaldehyde assimilation, xylulose monophosphate pathway",0.33661096248959566,0.024861261638607343,0.4290127143243065,0.011888452891095394,0.9978157343095563,0.05783234659248232,0.027507856423545196
"M00345Formaldehyde assimilation, ribulose monophosphate pathway",0.9853478764842114,0.0007390017934117057,0.6418816183783518,0.0001684674826118229,0.9978157343095563,0.006560526125185551,0.0016285189985809547
"M00346Formaldehyde assimilation, serine pathway",0.9332525415711119,0.7312037991635731,-0.12772134243242714,0.4561751857415476,0.9978157343095563,0.797177074276076,0.5685851168984906
"M00356Methanogenesis, methanol => methane",0.9010908316189351,0.0017352451016355759,0.6025827437837588,0.00041246444761580507,0.9978157343095563,0.008319799865782644,0.002215086848307101
"M00357Methanogenesis, acetate => methane",0.9185614147045791,0.0011388027613457796,0.6222321810810553,0.0002652606580876399,0.9978157343095563,0.006786016454594713,0.0019231397711353894
M00358Coenzyme M biosynthesis,0.6506608448106654,0.0010406935970636055,0.5960329313513266,0.00047652318590953236,0.9978157343095563,0.006786016454594713,0.0023031953985627397
"M00363EHEC pathogenicity signature, Shiga toxin",0.37228910292437284,0.8276299132500735,0.09824718648648241,0.5630889751293288,0.9978157343095563,0.8738325540383057,0.6692450933914154
"M00364C10-C20 isoprenoid biosynthesis, bacteria",0.805611670752828,0.0005477126555296184,0.654981243243216,0.00012360824079799207,0.9978157343095563,0.006560526125185551,0.0016285189985809547
"M00365C10-C20 isoprenoid biosynthesis, archaea",0.8423196260655113,0.0007912537130395342,0.6386067121621357,0.00018186709812421836,0.9978157343095563,0.006576492132319202,0.0016481705767507288
"M00366C10-C20 isoprenoid biosynthesis, plants",0.9340981623801473,0.0005477126555296144,0.654981243243216,0.00012360824079799207,0.9978157343095563,0.006560526125185551,0.0016285189985809547
"M00367C10-C20 isoprenoid biosynthesis, non-plant eukaryotes",0.9087771796919784,0.0007948259585117994,0.6386067121621357,0.00018186709812421836,0.9978157343095563,0.006576492132319202,0.0016481705767507288
"M00368Ethylene biosynthesis, methionine => ethylene",0.03395943982360355,0.20192683506314563,-0.19321946675674873,0.25899932598971276,0.5521023847819125,0.30499365712662624,0.35995113995375416
"M00371Castasterone biosynthesis, campesterol => castasterone",0.37347324508870217,0.23010507668824212,0.0163745310810804,0.9213290251423495,0.9978157343095563,0.34279352177871686,0.93882094121782
"M00372Abscisic acid biosynthesis, beta-carotene => abscisic acid",0.5184336490901362,0.004978868848740907,-0.5469093381080854,0.0013733316760607824,0.9978157343095563,0.017143462855069753,0.004741264119733653
M00373Ethylmalonyl pathway,0.5676419676118849,0.3321720896291524,-0.22924343513512566,0.1803301145959213,0.9978157343095563,0.45296194040339277,0.27049517189388195
M00374Dicarboxylate-hydroxybutyrate cycle,0.3903921461050592,0.0004553498904910684,0.6451565245945678,0.00015600066556514623,0.9978157343095563,0.006560526125185551,0.0016285189985809547
M00375Hydroxypropionate-hydroxybutylate cycle,0.12076562303692844,0.008882042619388946,0.5043355572972763,0.003110736637562628,0.7725447944274099,0.02581600231707465,0.009251554145509655
M003763-Hydroxypropionate bi-cycle,0.011988547071727754,0.31398552011883496,-0.17029512324323617,0.3199797338393191,0.3370254369699536,0.4349799402920166,0.42960242043241914
M00377Reductive acetyl-CoA pathway (Wood-Ljungdahl pathway),0.7983454363914777,0.0003734812921331947,0.6713557743242965,8.328083065091741e-05,0.9978157343095563,0.006560526125185551,0.0016285189985809547
"M00378F420 biosynthesis, archaea",0.8905417234233877,0.00034672903328638726,0.6746306805405126,7.687558727410714e-05,0.9978157343095563,0.006560526125185551,0.0016285189985809547
M00415Fatty acid elongation in endoplasmic reticulum,0.9006355980739739,0.8458464665903213,-0.0163745310810804,0.9258716868561949,0.9978157343095563,0.8887517221420042,0.93882094121782
M00417Cytochrome o ubiquinol oxidase,0.06410623944232506,0.005750845402787964,-0.5370846194594372,0.001674212591197748,0.6750241074451115,0.018809156016637327,0.005645600598224965
"M00418Toluene degradation, anaerobic, toluene => benzoyl-CoA",0.06543279097347915,0.09932983406396673,0.3209408091891759,0.05976835215957846,0.6750241074451115,0.17689154297651968,0.10743484789015137
"M00419Cymene degradation, p-cymene => p-cumate",0.9713652051528636,0.11894083086714065,0.34714005891890454,0.041756533026987244,0.9978157343095563,0.20210648995002414,0.08001802584466719
"M00422Acetyl-CoA pathway, CO2 => acetyl-CoA",0.7746340405025886,0.0006768586822031483,0.6451565245945678,0.00015600066556514623,0.9978157343095563,0.006560526125185551,0.0016285189985809547
"M00432Leucine biosynthesis, 2-oxoisovalerate => 2-oxoisocaproate",0.6056565246403598,0.03316844999770542,0.40936327702701,0.01637903338424475,0.9978157343095563,0.07475790543524279,0.03635142613340033
"M00433Lysine biosynthesis, 2-oxoglutarate => 2-oxoadipate",0.6121507013167349,0.0015504358109458725,0.6058576499999748,0.000383540841042609,0.9978157343095563,0.007752179054729362,0.0021389777673530117
"M00525Lysine biosynthesis, acetyl-DAP pathway, aspartate => lysine",0.2520034214421411,0.9049732897104632,0.042573780810809043,0.8008867472277077,0.9875809759219043,0.9372937643429797,0.8775459321008888
"M00526Lysine biosynthesis, DAP dehydrogenase pathway, aspartate => lysine",0.6108483376712668,0.0002441891159360098,0.6680808681080803,9.018816097533296e-05,0.9978157343095563,0.006560526125185551,0.0016285189985809547
"M00527Lysine biosynthesis, DAP aminotransferase pathway, aspartate => lysine",0.7077888152943176,0.00030086200338398775,0.6746306805405126,7.687558727410714e-05,0.9978157343095563,0.006560526125185551,0.0016285189985809547
"M00528Nitrification, ammonia => nitrite",0.5088299450249361,0.0008789462714418727,-0.6320568997297035,0.00021655486242462923,0.9978157343095563,0.006576492132319202,0.0016821672349056022
"M00529Denitrification, nitrate => nitrogen",0.8278669007908958,0.0013124155795816335,-0.6156823686486231,0.0003145923822907991,0.9978157343095563,0.007136259713975132,0.001954966947092823
"M00530Dissimilatory nitrate reduction, nitrate => ammonia",0.8312452638187297,0.0008478364360247173,-0.6353318059459195,0.00020076038618329904,0.9978157343095563,0.006576492132319202,0.001679437845956444
"M00531Assimilatory nitrate reduction, nitrate => ammonia",0.11765405072608405,0.09249223068086568,-0.3635145899999849,0.033493369893159076,0.7725447944274099,0.16764216810906904,0.0665279265001105
M00532Photorespiration,0.7290617682198,0.42844298901698896,-0.21941871648647737,0.19977272703591098,0.9978157343095563,0.5530347187608018,0.29558209612456215
"M00533Homoprotocatechuate degradation, homoprotocatechuate => 2-oxohept-3-enedioate",0.5851763713061404,0.019997217058956678,-0.4715864951351155,0.005796817933931023,0.9978157343095563,0.04942493989003497,0.015009617864642827
"M00534Naphthalene degradation, naphthalene => salicylate",0.5432340390895101,0.2445321689416293,-0.2816419345945829,0.09963636146189164,0.9978157343095563,0.3592303283332186,0.1647977841670071
"M00535Isoleucine biosynthesis, pyruvate => 2-oxobutanoate",0.8143281826126468,0.0007128452183023916,0.6418816183783518,0.0001684674826118229,0.9978157343095563,0.006560526125185551,0.0016285189985809547
"M00537Xylene degradation, xylene => methylbenzoate",0.18531892906926434,0.9076950118415869,-0.05894831189188944,0.7320649691063161,0.8929386891496974,0.9378796440643475,0.8292923478157488
"M00538Toluene degradation, toluene => benzoate",0.9424255709750582,0.009207953222326563,-0.4846861199999799,0.00457141639306539,0.9978157343095563,0.026526222859020232,0.01227509957397188
"M00539Cumate degradation, p-cumate => 2-oxopent-4-enoate + 2-methylpropanoate",0.7495972137007741,0.013780034158762009,-0.49451083864862816,0.003811947933057,0.9978157343095563,0.03589410095246391,0.010698047425030936
"M00540Benzoate degradation, cyclohexanecarboxylic acid =>pimeloyl-CoA",0.8326921319980092,0.014677031774001648,-0.4846861199999799,0.00457141639306539,0.9978157343095563,0.03755593424523951,0.01227509957397188
"M00541Benzoyl-CoA degradation, benzoyl-CoA => 3-hydroxypimeloyl-CoA",0.30002519161892494,0.002239838864146989,0.5894831189188945,0.0005497673886248279,0.9978157343095563,0.009368556787537886,0.0025441363197000015
"M00542EHEC/EPEC pathogenicity signature, T3SS and effectors",0.6506608448106654,0.0053029633634901555,-0.5469093381080854,0.0013733316760607824,0.9978157343095563,0.01774453125475552,0.004741264119733653
"M00543Biphenyl degradation, biphenyl => 2-oxopent-4-enoate + benzoate",0.6798466432867077,0.004252661697940066,-0.5567340567567337,0.0011230402234743762,0.9978157343095563,0.01479926270883143,0.004105231069002972
"M00544Carbazole degradation, carbazole => 2-oxopent-4-enoate + anthranilate",0.012043995868257475,0.07563532584657938,0.3798891210810654,0.025897967671287013,0.3370254369699536,0.14367409058193026,0.054423265396182856
"M00545Trans-cinnamate degradation, trans-cinnamate => acetyl-CoA",0.12514517173060496,0.029370110313746162,-0.44866215162160306,0.00867002691286536,0.7776878528973309,0.067242094665682,0.02106961847539906
"M00546Purine degradation, xanthine => urea",0.4989860805309222,0.02226354247847122,-0.4650366827026834,0.00651441672461613,0.9978157343095563,0.05234941069262152,0.016669242795341273
"M00548Benzene degradation, benzene => catechol",0.18945312494921943,0.13769244605609157,-0.30784118432431157,0.07185132225085691,0.8929386891496974,0.22602344918641445,0.12552339429366569
"M00549UDP-Glc biosynthesis, Glc => UDP-Glc",0.3788418777151757,0.34513700880499965,0.19321946675674873,0.25659364701790865,0.9978157343095563,0.4691706213442964,0.3589010818417694
"M00550Ascorbate degradation, ascorbate => D-xylulose-5P",0.8293151539750034,0.07552184450877358,0.3831640272972814,0.02464524617090668,0.9978157343095563,0.14367409058193026,0.05229601016753369
"M00551Benzoate degradation, benzoate => catechol / methylbenzoate => methylcatechol",0.9678560003054328,0.0018621267396510203,-0.5993078375675427,0.00045305652616794067,0.9978157343095563,0.008437761789043687,0.0023031953985627397
"M00552D-galactonate degradation, De Ley-Doudoroff pathway, D-galactonate => glycerate-3P",0.8661899281573333,0.0018151964838467821,-0.5862082127026784,0.0006027855304422945,0.9978157343095563,0.008437761789043687,0.002703213461261836
"M00554UDP-Gal biosynthesis, Gal => UDP-Gal",0.8557291605708482,0.0002520114497331391,0.6877303054053769,5.5621120636373614e-05,0.9978157343095563,0.006560526125185551,0.0016285189985809547
"M00555Betaine biosynthesis, choline => betaine",0.721943748331359,0.010174834248724195,-0.5108853697297085,0.0027969229382865586,0.9978157343095563,0.02837213396278862,0.008449038042740645
"M00563Methanogenesis, methylamine/dimethylamine/trimethylamine => methane",0.9692724863864776,0.0011388027613457796,0.6222321810810553,0.0002652606580876399,0.9978157343095563,0.006786016454594713,0.0019231397711353894
"M00564Helicobacter pylori pathogenicity signature, cagA pathogenicity island",0.21684384465495846,0.00254092974084475,-0.5796584002702463,0.0006938495726688973,0.9247752198520287,0.010224496522617206,0.0029590643540291207
"M00565Trehalose biosynthesis, D-glucose 1P => trehalose",0.4268393511162357,0.3035550830521158,-0.22924343513512566,0.1803301145959213,0.9978157343095563,0.42458669172884367,0.27049517189388195
"M00567Methanogenesis, CO2 => methane",0.9220684183500693,0.004077577355870472,0.5600089629729498,0.001028407579300199,0.9978157343095563,0.014420700404907765,0.00382356664098792
"M00568Catechol ortho-cleavage, catechol => 3-oxoadipate",0.6160683014118189,0.011638305144146249,-0.5043355572972763,0.0031689231440941118,0.9978157343095563,0.03184064614907936,0.009251554145509655
"M00569Catechol meta-cleavage, catechol => acetyl-CoA / 4-methylcatechol => propanoyl-CoA",0.6221934220575043,0.11370201296847181,-0.34059024648647235,0.04638654414333043,0.9978157343095563,0.19764593043337225,0.08697477026874456
"M00570Isoleucine biosynthesis, threonine => 2-oxobutanoate => isoleucine",0.3910082494925579,0.00630718344324205,0.4977857448648442,0.0035203824698757267,0.9978157343095563,0.02010649345003214,0.009943937496077538
"M00572Pimeloyl-ACP biosynthesis, BioC-BioH pathway, malonyl-ACP => pimeloyl-ACP",0.2359739055871962,0.06964012184696748,0.12772134243242714,0.45272528425246616,0.9504090135183745,0.13707444797932514,0.5659066053155827
"M00573Biotin biosynthesis, BioI pathway, long-chain-acyl-ACP => pimeloyl-ACP => biotin",0.9770705422103787,0.012020146388912387,-0.5010606510810602,0.0033713582033439798,0.9978157343095563,0.032679772994855555,0.009648294858254153
"M00575Pertussis pathogenicity signature, T1SS",0.4855988754987225,0.01869069019304409,-0.4617617764864673,0.00690236587663623,0.9978157343095563,0.0464597156227096,0.017456564862423026
"M00577Biotin biosynthesis, BioW pathway, pimelate => pimeloyl-CoA => biotin",0.1859494275754376,0.6198807065611802,-0.16047040459458795,0.3487793559257989,0.8929386891496974,0.7229171778930654,0.4569849994810919
"M00579Phosphate acetyltransferase-acetate kinase pathway, acetyl-CoA => acetate",0.0573915074664696,0.8276299132500735,-0.01964943729729648,0.9106488850263198,0.6401360448183148,0.8738325540383057,0.9320759176151744
"M00580Pentose phosphate pathway, archaea, fructose 6P => ribose 5P",0.8803136816355804,0.0006829840585251239,0.6451565245945678,0.00015600066556514623,0.9978157343095563,0.006560526125185551,0.0016285189985809547
"M00595Sulfur oxidation, SOX system, thiosulfate => sulfate",0.9315546824428923,0.00089492667647769,-0.6320568997297035,0.00021655486242462923,0.9978157343095563,0.006576492132319202,0.0016821672349056022
"M00596Dissimilatory sulfate reduction, sulfate => H2S",0.045949683422655443,0.9388842629046666,0.01964943729729648,0.9061154051427449,0.6109247376726116,0.9587198459237793,0.9320759176151744
M00597Anoxygenic photosystem II,0.2082635295895279,0.0027555336737848015,-0.5796584002702463,0.0006938495726688973,0.921283407575599,0.010896883164512624,0.0029590643540291207
"M006082-Oxocarboxylic acid chain extension, 2-oxoglutarate => 2-oxoadipate => 2-oxopimelate => 2-oxosuberate",0.9799447214357888,0.003740303247630331,0.5632838691891658,0.0009606049709645017,0.9978157343095563,0.013558599272659951,0.0036979040917660025
"M00609Cysteine biosynthesis, methionine => cysteine",0.4228741259585078,0.43232027479206514,-0.21286890405404524,0.2135586884484838,0.9978157343095563,0.5547472552641585,0.31173835394325655
M00611Oxygenic photosynthesis in plants and cyanobacteria,0.40287127530226596,0.07462010191933208,-0.36023968378376886,0.035122884733706096,0.9978157343095563,0.1436271873226082,0.06882186873496464
M00612Anoxygenic photosynthesis in purple bacteria,0.020152268441124083,0.15880311887517498,-0.324215715405392,0.0579654742615317,0.4383118385944488,0.2549053753162403,0.10462647843886427
M00613Anoxygenic photosynthesis in green nonsulfur bacteria,0.00841153032373177,0.09962857018217774,-0.3143909967567437,0.06600069087958131,0.3370254369699536,0.17689154297651968,0.11670853875047914
M00614Anoxygenic photosynthesis in green sulfur bacteria,0.8331742786623288,0.009298260606004631,0.5108853697297085,0.002745007640706505,0.9978157343095563,0.02661015370797378,0.008350198067883424
M00615Nitrate assimilation,0.671569818277147,0.001192167760005559,-0.6189572748648392,0.00029215579610294404,0.9978157343095563,0.006826604600571251,0.001954966947092823
M00616Sulfate-sulfur assimilation,0.7467212948821786,0.0032309308804564694,-0.5632838691891658,0.0009803780272628923,0.9978157343095563,0.012012435324774053,0.003740916156661036
M00617Methanogen,0.8859078540488043,0.0029860202034976174,0.5763834940540301,0.0007287246602967885,0.9978157343095563,0.011294945987143161,0.0030480310310490675
M00618Acetogen,0.8868367381766152,0.000859371448897983,0.6320568997297035,0.00021172675314335066,0.9978157343095563,0.006576492132319202,0.0016821672349056022
"M00620Incomplete reductive citrate cycle, acetyl-CoA => oxoglutarate",0.869028861666328,0.0005065751683729152,0.6582561494594321,0.00011430121356715806,0.9978157343095563,0.006560526125185551,0.0016285189985809547
M00621Glycine cleavage system,0.5432340390895101,0.02063780624430708,-0.41263818324322615,0.015786319604974508,0.9978157343095563,0.050153328023874746,0.03539715993898923
"M00622Nicotinate degradation, nicotinate => fumarate",0.08536322931411205,0.9682332284140601,-0.042573780810809043,0.8053106682634277,0.7426600950327749,0.9824375919713593,0.8801762329009825
"M00623Phthalate degradation, phthalate => protocatechuate",0.3382398330683586,0.021475536243264287,-0.4650366827026834,0.00651441672461613,0.9978157343095563,0.051328891570439364,0.016669242795341273
"M00624Terephthalate degradation, terephthalate => 3,4-dihydroxybenzoate",0.05149998329580094,0.7095721522190026,0.0327490621621608,0.8456593712763921,0.6109247376726116,0.7837777163451486,0.8994176687169452
"M00627beta-Lactam resistance, Bla system",0.7635379156389767,0.01247992864464618,0.4846861199999799,0.004490214015271214,0.9978157343095563,0.03317688839620711,0.01227509957397188
"M00630D-Galacturonate degradation (fungi), D-galacturonate => glycerol",0.6937526279251522,0.003047165259851923,0.573108587837814,0.0007812389849178805,0.9978157343095563,0.011426869724444712,0.003176065032142785
"M00631D-Galacturonate degradation (bacteria), D-galacturonate => pyruvate + D-glyceraldehyde 3P",0.7467212948821753,0.0033369345170570354,0.569833681621598,0.0008372482118608864,0.9978157343095563,0.012301411143388223,0.0033722497422174593
"M00632Galactose degradation, Leloir pathway, galactose => alpha-D-glucose-1P",0.7214701363234602,0.0003909828554685214,0.6680808681080803,9.018816097533296e-05,0.9978157343095563,0.006560526125185551,0.0016285189985809547
"M00633Semi-phosphorylative Entner-Doudoroff pathway, gluconate/galactonate => glycerate-3P",0.3114709610502071,0.025851015217221326,0.45193705783781907,0.008056373069022732,0.9978157343095563,0.05981484903984722,0.02002584162871365
"M00636Phthalate degradation, phthalate => protocatechuate",0.6204395511686953,0.008625753108034805,-0.3897138397297136,0.02263387551267345,0.9978157343095563,0.02535272028375114,0.04850116181287168
"M00637Anthranilate degradation, anthranilate => catechol",0.3972146600453764,0.07312275932451553,-0.3209408091891759,0.060548396413998846,0.9978157343095563,0.14200178708109043,0.10838910469172633
"M00638Salicylate degradation, salicylate => gentisate",0.9833047448602692,0.0029481524983195158,-0.569833681621598,0.0008546580748055291,0.9978157343095563,0.011294945987143161,0.0034107913994532585
"M00639Multidrug resistance, efflux pump MexCD-OprJ",0.3104604880861912,0.452239422522254,-0.11134681135134675,0.5161704926806623,0.9978157343095563,0.5719298548614871,0.6237060119891336
"M00641Multidrug resistance, efflux pump MexEF-OprN",0.6125852127146088,0.0022857042850883648,-0.5894831189188945,0.0005615468560869903,0.9978157343095563,0.009380012868051308,0.002544509191644175
"M00642Multidrug resistance, efflux pump MexJK-OprM",0.7843037527536564,0.001391563522967082,-0.612407462432407,0.00033863422814606924,0.9978157343095563,0.007382074786471715,0.002045915128382502
"M00643Multidrug resistance, efflux pump MexXY-OprM",0.5553427451367703,0.5415264524758261,-0.16047040459458795,0.3487793559257989,0.9978157343095563,0.6489366579255768,0.4569849994810919
"M00649Multidrug resistance, efflux pump AdeABC",0.5484576235890046,0.4618465792841552,0.20631909162161308,0.2258191371938414,0.9978157343095563,0.5806452658630274,0.3252692870176192
"M00651Vancomycin resistance, D-Ala-D-Lac type",0.3503967064955293,0.35141205583888047,0.23906815378377386,0.16061716785966584,0.9978157343095563,0.4762125990339969,0.249530242924838
"M00652Vancomycin resistance, D-Ala-D-Ser type",0.9968012325352376,0.09002591932104725,0.3635145899999849,0.033020132090082636,0.9978157343095563,0.16385470671403998,0.06619243068749285
"M00660Xanthomonas spp. pathogenicity signature, T3SS and effectors",0.30744651624728064,0.01218368328995037,-0.48141121378376384,0.004853518250231564,0.9978157343095563,0.032715445871163026,0.012952640729145584
M00664Nodulation,0.8905417234233877,0.05824522913845374,0.39626365216214576,0.02014488825860935,0.9978157343095563,0.11784499848942966,0.043815131962475336
"M00673Cephamycin C biosynthesis, aminoadipate + cycteine + valine => cephamycin C",0.44712629874367105,0.9111086784230225,-0.07204793675675376,0.6751431179668415,0.9978157343095563,0.9391760073791819,0.7810831284988724
"M00674Clavaminate biosynthesis, arginine + glyceraldehyde-3P => clavaminate",0.5073059409514267,0.49487332737599876,0.19976927918918091,0.2408603560117779,0.9978157343095563,0.6125829146955525,0.34128421780170487
"M00675Carbapenem-3-carboxylate biosynthesis, pyrroline-5-carboxylate + malonyl-CoA => carbapenem-3-carboxylate",0.6615252172738966,0.8251482661969488,-0.05239849945945729,0.7611126667341561,0.9978157343095563,0.8738325540383057,0.8511157070163443
"M00696Multidrug resistance, efflux pump AcrEF-TolC",0.3376961112267612,0.3906512971943264,0.22924343513512566,0.17847707416434533,0.9978157343095563,0.5133936987297039,0.27049517189388195
"M00697Multidrug resistance, efflux pump MdtEF-TolC",0.6688224554594497,0.63590715900636,0.10807190513513064,0.5249071784802306,0.9978157343095563,0.7298670558516269,0.6307586260743103
"M00698Multidrug resistance, efflux pump BpeEF-OprC",0.7143804236403654,0.014523576536413113,-0.49123593243241204,0.004051315197456277,0.9978157343095563,0.03738317037479115,0.011296936608291541
"M00700Multidrug resistance, efflux pump AbcA",0.1404155170257114,0.4114210492538537,0.042573780810809043,0.8008867472277077,0.7932564922881098,0.5358328036689488,0.8775459321008888
"M00702Multidrug resistance, efflux pump NorB",0.097067031620145,0.6311509571858126,-0.0327490621621608,0.8501397965162993,0.7586497791790644,0.7298670558516269,0.9019775889868055
"M00704Tetracycline resistance, efflux pump Tet38",0.09437678894001189,0.7834923399084345,0.0327490621621608,0.8456593712763921,0.7586497791790644,0.8415288095312815,0.8994176687169452
"M00705Multidrug resistance, efflux pump MepA",0.11088199274122387,0.04249331929747768,0.39626365216214576,0.02014488825860935,0.7725447944274099,0.09016875070440387,0.043815131962475336
"M00714Multidrug resistance, efflux pump QacA",0.09095437403869704,0.023945329562225594,-0.4617617764864673,0.00690236587663623,0.7586497791790644,0.056001173976172755,0.017456564862423026
"M00718Multidrug resistance, efflux pump MexAB-OprM",0.6766217595693573,0.0021605609598101816,-0.5894831189188945,0.0005615468560869903,0.9978157343095563,0.009290564986965835,0.002544509191644175
"M00725Cationic antimicrobial peptide (CAMP) resistance, dltABCD operon",0.3074465162472794,0.6803586896286565,0.14737077972972362,0.3865125094847529,0.9978157343095563,0.7687169610090016,0.4959673794273378
"M00726Cationic antimicrobial peptide (CAMP) resistance, lysyl-phosphatidylglycerol (L-PG) synthase MprF",0.5635211929379804,0.0011603785289786119,0.5993078375675427,0.00044341526181206894,0.9978157343095563,0.006821144055482381,0.0023031953985627397
"M00736Nocardicin A biosynthesis, L-pHPG + arginine + serine => nocardicin A",0.5529056961973,0.8426773190622542,-0.05894831189188944,0.7320649691063161,0.9978157343095563,0.8875656992544324,0.8292923478157488
M00740Methylaspartate cycle,0.888691375303917,0.0006677734680939213,0.6451565245945678,0.00015600066556514623,0.9978157343095563,0.006560526125185551,0.0016285189985809547
"M00741Propanoyl-CoA metabolism, propanoyl-CoA => succinyl-CoA",0.15934196300114825,0.7478592100809354,-0.049123593243241205,0.7757667285248198,0.8653108666531669,0.8112687191651045,0.856493723117504
"M00744Cationic antimicrobial peptide (CAMP) resistance, protease PgtE",0.31940149918529515,0.003616052302490951,-0.5665587754053819,0.00091552024699865,0.9978157343095563,0.013218342450282047,0.0035558152450393997
"M00745Imipenem resistance, repression of porin OprD",0.4430072064740881,0.07912022192248713,-0.27181721594593466,0.11204252649841837,0.9978157343095563,0.14835041610466337,0.1818600709955671
"M00761Undecaprenylphosphate alpha-L-Ara4N biosynthesis, UDP-GlcA => undecaprenyl phosphate alpha-L-Ara4N",0.3959667646691969,0.002562000278081093,0.5829333064864624,0.0006333910445941031,0.9978157343095563,0.010224496522617206,0.002811480657126886
"M00763Ornithine biosynthesis, mediated by LysW, glutamate => ornithine",0.6560806127013714,0.0021061094145069254,0.5927580251351106,0.0005119255336622923,0.9978157343095563,0.009161575953105126,0.0024205174689467084
"M00769Multidrug resistance, efflux pump MexPQ-OpmE",0.6186887432486938,0.008358013209176543,0.0327490621621608,0.8456593712763921,0.9978157343095563,0.025074039627529632,0.8994176687169452
"M00774Erythromycin biosynthesis, propanoyl-CoA + methylmalonyl-CoA => deoxyerythronolide B => erythromycin A/B",0.4881798559530579,0.595252991047334,-0.16047040459458795,0.3487793559257989,0.9978157343095563,0.6998244624475414,0.4569849994810919
"M00778Type II polyketide backbone biosynthesis, acyl-CoA + malonyl-CoA => polyketide",0.16112685103196903,0.18219045141305776,0.29474155945944724,0.08379859282484113,0.8653108666531669,0.28406038123541266,0.14183808513154042
"M00779Dihydrokalafungin biosynthesis, octaketide => dihydrokalafungin",0.4735749531954486,0.8795205246262795,-0.00982471864864824,0.9563932861259089,0.9978157343095563,0.9174854393583491,0.9608108070779916
"M00780Tetracycline/oxytetracycline biosynthesis, pretetramide => tetracycline/oxytetracycline",0.9978157343095563,0.01624256326611378,-0.4846861199999799,0.00457141639306539,0.9978157343095563,0.04107857570209008,0.01227509957397188
"M00781Nogalavinone/aklavinone biosynthesis, deoxynogalonate/deoxyaklanonate => nogalavinone/aklavinone",0.9620301267875331,0.0018860449278796005,0.5960329313513266,0.00047652318590953236,0.9978157343095563,0.008458036532243569,0.0023031953985627397
"M00783Tetracenomycin C/8-demethyltetracenomycin C biosynthesis, tetracenomycin F2 => tetracenomycin C/8-demethyltetracenomycin C",0.6729456931273615,0.5358645399239701,-0.11789662378377888,0.49169227914537694,0.9978157343095563,0.6466796104608868,0.600803768056851
"M00787Bacilysin biosynthesis, prephenate => bacilysin",0.5184336490901362,0.0022635048670902515,0.5665587754053819,0.0008969629610545175,0.9978157343095563,0.009377377306516756,0.003515125117646082
"M00789Rebeccamycin biosynthesis, tryptophan => rebeccamycin",0.7087289179464142,0.1737739434504451,-0.3045662781080955,0.0749322175457491,0.9978157343095563,0.2728940989203741,0.12986260809721456
"M00790Pyrrolnitrin biosynthesis, tryptophan => pyrrolnitrin",0.44437679777907924,0.01125168664873507,-0.5043355572972763,0.0031689231440941118,0.9978157343095563,0.03097774488734022,0.009251554145509655
"M00793dTDP-L-rhamnose biosynthesis, glucose-1P => dTDP-L-Rha",0.8471192461269478,0.8928261808436766,0.07532284297296984,0.6570429266302491,0.9978157343095563,0.9291372934617209,0.7642076820432041
M00795dTDP-beta-L-noviose biosynthesis,0.20967139620686048,0.25714681101342024,0.20631909162161308,0.2258191371938414,0.921283407575599,0.3703935854001252,0.3252692870176192
M00796dTDP-D-mycaminose biosynthesis,0.9760891009144976,0.7512355439079715,-0.0687730305405377,0.6892154994797215,0.9978157343095563,0.8129041333332528,0.7931448208298383
M00797dTDP-D-desosamine biosynthesis,0.7371586394013561,0.25141994993343936,0.2750921221621508,0.10653203375733715,0.9978157343095563,0.36700563161424876,0.17356342578442568
M00798dTDP-L-mycarose biosynthesis,0.7620929453728101,0.7959425825389167,0.09169737405405025,0.5892663681976631,0.9978157343095563,0.8486152534422273,0.6984492375094917
M00799dTDP-L-oleandrose biosynthesis,0.48229613749398237,0.5153479821955618,0.026199249729728646,0.8757967812403085,0.9978157343095563,0.6279450203223231,0.9136009588478038
M00800dTDP-L-megosamine biosynthesis,0.5420337227010863,0.4838521104030873,0.0654981243243216,0.6991563443304684,0.9978157343095563,0.6027149901639084,0.8024617672394557
M00801dTDP-L-olivose biosynthesis,0.8642937702024095,0.6426261158641913,-0.15392059216215578,0.3688659753416689,0.9978157343095563,0.7298756146238256,0.4789752217123163
M00802dTDP-D-forosamine biosynthesis,0.26614966890969444,0.7032083192631875,0.14082096729729146,0.40789747934342946,0.9977294401833792,0.7829293004400438,0.518816969340327
M00803dTDP-D-angolosamine biosynthesis,0.9424255709750582,0.48494309553417914,0.20304418540539698,0.23325378147420284,0.9978157343095563,0.6027149901639084,0.3326734260369778
"M00804Complete nitrification, comammox, ammonia => nitrite => nitrate",0.640344091725578,0.001268817810795914,-0.6156823686486231,0.0003145923822907991,0.9978157343095563,0.00707609932943875,0.001954966947092823
"M00805Staurosporine biosynthesis, tryptophan => staurosporine",0.28519287859973586,0.683430281216151,0.0,0.9977182006354067,0.9978157343095563,0.7701869749456625,0.9977182006354067
"M00810Nicotine degradation, pyridine pathway, nicotine => 2,6-dihydroxypyridine/succinate semialdehyde",0.11562232532591725,0.08414403676335679,-0.37333930864863313,0.02898733297839428,0.7725447944274099,0.15575598294493703,0.059478725686799586
"M00811Nicotine degradation, pyrrolidine pathway, nicotine => succinate semialdehyde",0.9536421730962562,0.02186598987925913,-0.4584868702702513,0.007310945895744496,0.9978157343095563,0.05197653331955039,0.01838301424652518
"M00814Acarbose biosynthesis, sedoheptulopyranose-7P => acarbose",0.7021594181275755,0.05080656351310943,-0.324215715405392,0.0579654742615317,0.9978157343095563,0.10422832434788193,0.10462647843886427
"M00815Validamycin A biosynthesis, sedoheptulopyranose-7P => validamycin A",0.11806446380109728,0.13341852804349724,-0.055673405675673374,0.7465438029828564,0.7725447944274099,0.22151549503405077,0.8391383831977843
"M00819Pentalenolactone biosynthesis, farnesyl-PP => pentalenolactone",0.022758018114069516,0.09459902513463554,0.1375460610810754,0.4188492527471338,0.47141608950572567,0.1707492777326409,0.5311936587317878
"M00823Chlortetracycline biosynthesis, pretetramide => chlortetracycline",0.969974393337495,0.006378611715182567,-0.5338097132432211,0.001787271445749798,0.9978157343095563,0.02010649345003214,0.0058898718098572885
"M008249-membered enediyne core biosynthesis, malonyl-CoA => 3-hydroxyhexadeca-4,6,8,10,12,14-hexaenoyl-ACP => 9-membered enediyne core",0.9897070107529704,0.0066925737906603595,-0.5305348070270051,0.0019073102374576217,0.9978157343095563,0.020920052248058974,0.006191641442493025
"M0082510-membered enediyne core biosynthesis, malonyl-CoA => 3-hydroxyhexadeca-4,6,8,10,12,14-hexaenoyl-ACP => 10-membered enediyne core",0.015233324822923095,0.7037364516599014,-0.1375460610810754,0.4221483516143013,0.348762963051134,0.7829293004400438,0.5338213167215728
"M00827C-1027 beta-amino acid moiety biosynthesis, tyrosine => 3-chloro-4,5-dihydroxy-beta-phenylalanyl-PCP",0.9132488252782319,0.37456797568746364,-0.23579324756755776,0.16817263816170436,0.9978157343095563,0.49827849976772687,0.25849857809307913
"M00828Maduropeptin beta-hydroxy acid moiety biosynthesis, tyrosine => 3-(4-hydroxyphenyl)-3-oxopropanoyl-PCP",0.9627717406176487,0.3626691603603973,-0.14409587351350753,0.4003145288673282,0.9978157343095563,0.4865132398412719,0.510665161458322
"M008293,6-Dimethylsalicylyl-CoA biosynthesis, malonyl-CoA => 6-methylsalicylate => 3,6-dimethylsalicylyl-CoA",0.8370286991722189,0.6426261158641958,-0.15392059216215578,0.3688659753416689,0.9978157343095563,0.7298756146238256,0.4789752217123163
"M00830Neocarzinostatin naphthoate moiety biosynthesis, malonyl-CoA => 2-hydroxy-5-methyl-1-naphthoate => 2-hydroxy-7-methoxy-5-methyl-1-naphthoyl-CoA",0.8336563518518747,0.18287563470406606,0.3012913718918794,0.07715814051338507,0.9978157343095563,0.28411036105810267,0.13318964731477184
"M00831Kedarcidin 2-hydroxynaphthoate moiety biosynthesis, malonyl-CoA => 3,6,8-trihydroxy-2-naphthoate => 3-hydroxy-7,8-dimethoxy-6-isopropoxy-2-naphthoyl-CoA",0.4450628827650758,0.2270164646274082,-0.27836702837836685,0.10364386968347696,0.9978157343095563,0.3405246969411123,0.17013238985778292
"M00832Kedarcidin 2-aza-3-chloro-beta-tyrosine moiety biosynthesis, azatyrosine => 2-aza-3-chloro-beta-tyrosyl-PCP",0.9424255709750582,0.08220834194950495,-0.366789496216201,0.03192896632439585,0.9978157343095563,0.15282319977792588,0.06460046674935904
"M00833Calicheamicin biosynthesis, calicheamicinone => calicheamicin",0.13125808243995502,0.2895319893401027,-0.07532284297296984,0.6611833980479741,0.7809944980377614,0.41158959268936174,0.76697274173565
"M00834Calicheamicin orsellinate moiety biosynthesis, malonyl-CoA => orsellinate-ACP => 5-iodo-2,3-dimethoxyorsellinate-ACP",0.528957669569307,0.6198807065611802,-0.10152209270269849,0.5540382390468366,0.9978157343095563,0.7229171778930654,0.660292147905134
"M00835Pyocyanine biosynthesis, chorismate => pyocyanine",0.4019238279469931,0.07263035203785977,-0.31766590297295977,0.06322598569703694,0.9978157343095563,0.14200178708109043,0.1127184581074224
"M00836Coenzyme F430 biosynthesis, sirohydrochlorin => coenzyme F430",0.9631411595232697,0.009574531748629383,0.5108853697297085,0.002745007640706505,0.9978157343095563,0.026870460068734076,0.008350198067883424
"M00837Prodigiosin biosynthesis, L-proline => prodigiosin",0.3487168556747466,0.405898702536894,-0.19976927918918091,0.24316214736893138,0.9978157343095563,0.5318251072396051,0.34342705878404267
"M00838Undecylprodigiosin biosynthesis, L-proline => undecylprodigiosin",0.7295372018480037,0.9843578633640029,-0.01964943729729648,0.9106488850263198,0.9978157343095563,0.9866259690399568,0.9320759176151744
"M00840Tetrahydrofolate biosynthesis, mediated by ribA and trpF, GTP => THF",0.7247878749254945,0.7959425825389167,0.013099624864864323,0.9365714893710334,0.9978157343095563,0.8486152534422273,0.9474618555265105
"M00841Tetrahydrofolate biosynthesis, mediated by PTPS, GTP => THF",0.9575054654126525,0.03665130272332936,-0.43228762054052255,0.011442110366010443,0.9978157343095563,0.0801171692695893,0.02661667384606707
"M00842Tetrahydrobiopterin biosynthesis, GTP => BH4",0.5902528290347202,0.0014426244473772255,0.5960329313513266,0.00047652318590953236,0.9978157343095563,0.0074707337453463465,0.0023031953985627397
"M00843L-threo-Tetrahydrobiopterin biosynthesis, GTP => L-threo-BH4",0.6318938865178705,0.00037180272735997473,0.6451565245945678,0.00015600066556514623,0.9978157343095563,0.006560526125185551,0.0016285189985809547
"M00844Arginine biosynthesis, ornithine => arginine",0.8007675311879248,0.44818349088518816,0.16047040459458795,0.3458450161647225,0.9978157343095563,0.5700579489329147,0.4569849994810919
"M00845Arginine biosynthesis, glutamate => acetylcitrulline => arginine",0.07100976915358942,0.5538613796177851,0.1833947481081005,0.28150746882131406,0.7020283995866227,0.6615697154174336,0.3862957379724657
"M00846Siroheme biosynthesis, glutamyl-tRNA => siroheme",0.3882422604478473,0.07912022192248713,-0.366789496216201,0.03192896632439585,0.9978157343095563,0.14835041610466337,0.06460046674935904
"M00847Heme biosynthesis, archaea, siroheme => heme",0.8821822713079214,0.007367619226946274,0.5272599008107889,0.0019959263753170056,0.9978157343095563,0.02225634974806687,0.0064313183204659065
"M00848Aurachin biosynthesis, anthranilate => aurachin A",0.11878597529357278,0.0022197507584697717,0.5501842443243016,0.0012592968470357278,0.7725447944274099,0.009368556787537886,0.0044901158070536195
"M00849C5 isoprenoid biosynthesis, mevalonate pathway, archaea",0.8661899281573333,0.0005477126555296144,0.654981243243216,0.00012360824079799207,0.9978157343095563,0.006560526125185551,0.0016285189985809547
"M00850Vibrio cholerae pathogenicity signature, cholera toxins",0.9340981623801503,0.012508068268914863,-0.4781363075675477,0.005151278569755005,0.9978157343095563,0.03317688839620711,0.013580643502081378
"M00854Glycogen biosynthesis, glucose-1P => glycogen/starch",0.4416410512925788,0.41827271890870255,0.17684493567566834,0.29900051331297073,0.9978157343095563,0.5431302469411511,0.40772797269950556
"M00855Glycogen degradation, glycogen => glucose-6P",0.6798466432867045,0.6602312244998425,-0.12444643621621106,0.4678512112101707,0.9978157343095563,0.7479181840037279,0.5798156036365364
"M00857Salmonella enterica pathogenicity signature, Vi antigen",0.4678303534407976,0.7764655500918534,-0.0163745310810804,0.9258716868561949,0.9978157343095563,0.8381203828534893,0.93882094121782
"M00860Bacillus anthracis pathogenicity signature, polyglutamic acid capsule biosynthesis",0.8413584739131661,0.00030633207229511063,0.6713557743242965,8.328083065091741e-05,0.9978157343095563,0.006560526125185551,0.0016285189985809547
"M00861beta-Oxidation, peroxisome, VLCFA",0.6656246694994892,0.0089020697645085,-0.5141602759459246,0.002626287645057508,0.9978157343095563,0.02581600231707465,0.008102376777305078
"M00862beta-Oxidation, peroxisome, tri/dihydroxycholestanoyl-CoA => choloyl/chenodeoxycholoyl-CoA",0.045949683422655443,0.0442514177776819,-0.39953855837836183,0.019434055202789343,0.6109247376726116,0.09299210982266486,0.042912761488392716
"M00866KDO2-lipid A biosynthesis, Raetz pathway, non-LpxL-LpxM type",0.07575942511065806,0.15272304991536534,0.327490621621608,0.054749541695979245,0.7092984449684506,0.2475253630163552,0.0996487474382886
M00867KDO2-lipid A modification pathway,0.6974833285822444,0.19624755551369277,-0.3045662781080955,0.0749322175457491,0.9978157343095563,0.29953574262616267,0.12986260809721456
"M00868Heme biosynthesis, animals and fungi, glycine => heme",0.7276361288627782,0.38454067622658045,-0.22924343513512566,0.1803301145959213,0.9978157343095563,0.5099853480443979,0.27049517189388195
"M00872O-glycan biosynthesis, mannose type (core M3)",0.20203595256647935,0.0021784773072885404,0.3798891210810654,0.025897967671287013,0.9183527881623166,0.009290564986965835,0.054423265396182856
"M00873Fatty acid biosynthesis in mitochondria, animals",0.5553427451367703,0.014480027613959395,-0.48796102621619597,0.004304247858179142,0.9978157343095563,0.03738317037479115,0.011925782282216095
"M00874Fatty acid biosynthesis in mitochondria, fungi",0.0976652589287991,0.608811705016025,-0.16047040459458795,0.3487793559257989,0.7586497791790644,0.7138358266360401,0.4569849994810919
"M00875Staphyloferrin B biosynthesis, L-serine => staphyloferrin B",0.9780404928232505,0.08881753598503234,0.34386515270268847,0.043720722290911986,0.9978157343095563,0.1637102887859706,0.08233123028808102
"M00876Staphyloferrin A biosynthesis, L-ornithine => staphyloferrin A",0.6615252172738966,0.3056130757590584,-0.15392059216215578,0.3688659753416689,0.9978157343095563,0.4260951537025333,0.4789752217123163
"M00877Kanosamine biosynthesis, glucose 6-phosphate => kanosamine",0.5496681826037781,0.24508353774762162,-0.2685423097297186,0.11643857464912565,0.9978157343095563,0.3592303283332186,0.18829286235081658
"M00878Phenylacetate degradation, phenylaxetate => acetyl-CoA/succinyl-CoA",0.4238625670655829,0.05255232463814603,-0.33404043405404016,0.05076050731168213,0.9978157343095563,0.10682365054950244,0.09356279949399035
"M00879Arginine succinyltransferase pathway, arginine => glutamate",0.7939861067580561,0.0017868029324252827,-0.5960329313513266,0.0004868339530139317,0.9978157343095563,0.008437761789043687,0.0023271732918797835
"M00880Molybdenum cofactor biosynthesis, GTP => molybdenum cofactor",0.8566831875705844,0.0006316866352281534,0.648431430810784,0.00014440597733075228,0.9978157343095563,0.006560526125185551,0.0016285189985809547
"M00881Lipoic acid biosynthesis, plants and bacteria, octanoyl-ACP => dihydrolipoyl-E2/H",0.2488853792820448,0.42269216334073023,-0.05239849945945729,0.7611126667341561,0.9842285453426316,0.5472353900393383,0.8511157070163443
"M00882Lipoic acid biosynthesis, eukaryotes, octanoyl-ACP => dihydrolipoyl-H",0.3848841762392879,0.0010700069982703835,0.5600089629729498,0.001028407579300199,0.9978157343095563,0.006786016454594713,0.00382356664098792
"M00883Lipoic acid biosynthesis, animals and bacteria, octanoyl-ACP => dihydrolipoyl-H => dihydrolipoyl-E2",0.211799734231604,0.13686794286212733,0.33404043405404016,0.050087199707972936,0.9213288439074774,0.22552104221600527,0.0931108199699497
"M00884Lipoic acid biosynthesis, octanoyl-CoA => dihydrolipoyl-E2",0.3848841762392879,0.0010700069982703835,0.5600089629729498,0.001028407579300199,0.9978157343095563,0.006786016454594713,0.00382356664098792
"M00885Meromycolic acid biosynthesis, initiation and elongation FAS II (KasA)",0.9808783666477303,0.00034130545037205446,-0.6713557743242965,8.528650270542499e-05,0.9978157343095563,0.006560526125185551,0.0016285189985809547
"M00886Meromycolic acid biosynthesis, initiation and elongation FAS II (KasA and KasB)",0.9808783666477303,0.00034130545037205446,-0.6713557743242965,8.528650270542499e-05,0.9978157343095563,0.006560526125185551,0.0016285189985809547
"M00887Mycolic acid biosynthesis, meromycolic acid + alpha-carboxyacyl-CoA + trehalose => TMM => TDM/mAGP/GMM",0.6651685055839252,0.000936160404609025,-0.612407462432407,0.00033863422814606924,0.9978157343095563,0.006671030805146186,0.002045915128382502
"M00888Galactofuranan biosynthesis, decaprenyl phosphate + UDP-GlcNAc (+ dTDP-Rha/UDP-Galf) => GL-5",0.28239929917874534,0.005130652050466729,-0.5403595256756533,0.001567766973336975,0.9978157343095563,0.017301035984131994,0.005369910499225071
"M00892UDP-GlcNAc biosynthesis, eukaryotes, Fru-6P => UDP-GlcNAc",0.701223087861425,0.32845239647200497,0.25216777864863815,0.13894829383692578,0.9978157343095563,0.4507154336445494,0.22140112754235425
"M00895Thiamine biosynthesis, prokaryotes, AIR (+ DXP/glycine) => TMP/TPP",0.03426842388301526,0.06911925575885919,0.21941871648647737,0.19777417039689482,0.5521023847819125,0.13666761934138066,0.29362376833668685
"M00896Thiamine biosynthesis, archaea, AIR (+ NAD+) => TMP/TPP",0.760167263257551,0.00031996552661645565,0.6779055867567286,7.093811920838064e-05,0.9978157343095563,0.006560526125185551,0.0016285189985809547
"M00897Thiamine biosynthesis, plants, AIR (+ NAD+) => TMP/thiamine/TPP",0.1909041335423491,0.018137752131358743,-0.4781363075675477,0.005151278569755005,0.8929386891496974,0.045344380328396855,0.013580643502081378
"M00898Thiamine biosynthesis, pyridoxal-5P => TMP/thiamine/TPP",0.6569863352295582,0.0017352451016355759,0.6025827437837588,0.00041246444761580507,0.9978157343095563,0.008319799865782644,0.002215086848307101
"M00899Thiamine salvage pathway, HMP/HET => TMP",0.02847701695682692,0.24034601237817535,-0.284916840810799,0.09575343740962278,0.5385870598356396,0.3556139979064839,0.1602028664353304
"M00903Fosfomycin biosynthesis, phosphoenolpyruvate => fosfomycin",0.9497006988268059,0.004139264196572777,0.5534591505405176,0.0011774889204708271,0.9978157343095563,0.014520805850880308,0.004268397336706749
"M00905Grixazone biosynthesis, aspartate 4-semialdehyde => grixazone B",0.7002873103980871,0.1992164487163591,-0.2914666532432312,0.08835137441451296,0.9978157343095563,0.3019482759289764,0.14838937401665303
"M00909UDP-GlcNAc biosynthesis, prokaryotes, Fru-6P => UDP-GlcNAc",0.9508910288731731,6.218259407302115e-05,0.7434037110810503,1.3202781826248148e-05,0.9978157343095563,0.006560526125185551,0.0016285189985809547
"M00910Phenylalanine biosynthesis, chorismate => arogenate => phenylalanine",0.7669117589987068,0.07552184450877358,0.37333930864863313,0.02856934963499444,0.9978157343095563,0.14367409058193026,0.05889889616693166
"M00911Riboflavin biosynthesis, fungi, GTP => riboflavin/FMN/FAD",0.2587745280066914,0.02036079289808836,0.4715864951351155,0.005696154648065386,0.9894254305536125,0.04987031160513126,0.01483728905334397
"M00912NAD biosynthesis, tryptophan => quinolinate => NAD",0.9919453157672338,0.00027868305222232954,-0.6713557743242965,8.528650270542499e-05,0.9978157343095563,0.006560526125185551,0.0016285189985809547
"M00913Pantothenate biosynthesis, 2-oxoisovalerate/spermine => pantothenate",0.8269010976087391,0.0013884328976906158,0.5174351821621408,0.0024189673526723385,0.9978157343095563,0.007382074786471715,0.007680662762134798
"M00914Coenzyme A biosynthesis, archaea, 2-oxoisovalerate => 4-phosphopantoate => CoA",0.906076039523775,0.00031996552661645565,0.6779055867567286,7.093811920838064e-05,0.9978157343095563,0.006560526125185551,0.0016285189985809547
"M00915Caffeine degradation, caffeine => xanthine",0.11930391360913258,0.8612250734214796,-0.03602396837837688,0.8351352351452707,0.7725447944274099,0.9005598724479414,0.8969971044152907
"M00916Pyridoxal-P biosynthesis, R5P + glyceraldehyde-3P + glutamine => pyridoxal-P",0.9246793065822051,0.0006860675027737797,0.6451565245945678,0.00015600066556514623,0.9978157343095563,0.006560526125185551,0.0016285189985809547
"M00917Phytosterol biosynthesis, squalene 2,3-epoxide => campesterol/sitosterol",0.7611299669850178,0.006732890378685647,-0.5338097132432211,0.001787271445749798,0.9978157343095563,0.020920052248058974,0.0058898718098572885
"M00918Aerobactin biosynthesis, lysine => aerobactin",0.28942981574017085,0.36787944117144245,-0.21614381027026128,0.20658222420515626,0.9978157343095563,0.4908820764097468,0.30462124586184064
"M00919Ectoine degradation, ectoine => aspartate",0.37228910292437284,0.12119428494711916,-0.02947415594594472,0.8651988294057055,0.9978157343095563,0.2051342955330616,0.9112869026428133
"M00921Cyclooctatin biosynthesis, dimethylallyl-PP + isopentenyl-PP => cyclooctatin",0.8036740659492413,0.000732374019262716,0.6418816183783518,0.0001684674826118229,0.9978157343095563,0.006560526125185551,0.0016285189985809547
"M00922CMP-Neu5Ac biosynthesis, bacteria, UDP-GlcNAc => CMP-Neu5Ac",0.6452663887806962,0.07312275932451502,0.38643893351349745,0.023445363424755918,0.9978157343095563,0.14200178708109043,0.04999378965572953
"M00923UDP-L-FucNAm biosynthesis, UDP-GlcNAc => UDP-L-FucNAm",0.532895387901674,0.04173453036924652,0.3569647775675528,0.036306466339835836,0.9978157343095563,0.08899274858148155,0.07082203075259458
"M00924Cobalamin biosynthesis, anaerobic, uroporphyrinogen III => sirohydrochlorin => cobyrinate a,c-diamide",0.5277805570495808,0.02040670222003072,0.4715864951351155,0.005696154648065386,0.9978157343095563,0.04987031160513126,0.01483728905334397
"M00925Cobalamin biosynthesis, aerobic, uroporphyrinogen III => precorrin 2 => cobyrinate a,c-diamide",0.11765405072608405,0.6354299303916159,0.026199249729728646,0.8757967812403085,0.7725447944274099,0.7298670558516269,0.9136009588478038
"M00926Heme biosynthesis, bacteria, glutamyl-tRNA => coproporphyrin III => heme",0.055722782068897886,0.23819045727417837,-0.11789662378377888,0.49169227914537694,0.6378792157886994,0.353627470697159,0.600803768056851
"M00927Gibberellin A12 biosynthesis, GAPP => GA12",0.4054069743396742,0.6969015606581099,-0.045848687027025124,0.7905010654093727,0.9978157343095563,0.7793115138464726,0.8705518062103218
"M00930Menaquinone biosynthesis, futalosine pathway",0.38916240728846474,0.16787518291740455,-0.2587175910810704,0.13044251063583123,0.9978157343095563,0.2674934233299303,0.21015737824661698
"M00931Menaquinone biosynthesis, modified futalosine pathway",0.20478211598102233,0.03192249183489553,-0.366789496216201,0.03192896632439585,0.9183527881623166,0.07232439556343519,0.06460046674935904
"M00932Phylloquinone biosynthesis, chorismate (+ phytyl-PP) => phylloquinol",0.04322196188150911,0.7411519977523007,0.00982471864864824,0.951837235815672,0.6109247376726116,0.806002797555627,0.9584472166199476
"M00933Plastoquinone biosynthesis, homogentisate + solanesyl-PP => plastoquinol",0.0816768067837842,0.36266916036039215,-0.23906815378377386,0.16232960820449915,0.7401960614780443,0.4865132398412719,0.2512931657258261
M00935Methanofuran biosynthesis,0.7784999808109431,0.000855509111823503,0.6353318059459195,0.00019626400938781,0.9978157343095563,0.006576492132319202,0.0016740165506607325
"M00936Melatonin biosynthesis, plants, tryptophan => serotonin => melatonin",0.16773816314732906,0.008625753108034871,0.5141602759459246,0.0025772767951799578,0.8898304996230262,0.02535272028375114,0.008065578459735838
"M00938Pyrimidine deoxyribonucleotide biosynthesis, UDP => dTTP",0.5763635426828029,0.12284316152004165,0.00982471864864824,0.951837235815672,0.9978157343095563,0.20631959560315877,0.9584472166199476
"M00939Pyrimidine degradation, uracil => 3-hydroxypropanoate",0.12352563272101455,0.795942582538911,-0.10479699891891459,0.5412659290733911,0.7776878528973309,0.8486152534422273,0.6468425251289152
"M00942Pterocarpan biosynthesis, daidzein => medicarpin",0.23071338197101177,0.030333714493411035,-0.43228762054052255,0.011442110366010443,0.946795482616888,0.06908463772059581,0.02661667384606707
"M00947D-Arginine racemization, D-arginine => L-arginine",0.8919265860962534,0.1473174988576448,0.3307655278378241,0.05237500569748347,0.9978157343095563,0.2400116554422303,0.09613133957133042
"M00948Hydroxyproline degradation, trans-4-hydroxy-L-proline => 2-oxoglutarate",0.2683548149458744,0.006886252623311347,-0.5141602759459246,0.002626287645057508,0.9977294401833792,0.020947691546436612,0.008102376777305078
"M00949Staphylopine biosynthesis, L-histidine => staphylopine",0.18390760350373803,0.1406175181491284,0.33404043405404016,0.050087199707972936,0.8929386891496974,0.2299572195295897,0.0931108199699497
"M00950Biotin biosynthesis, BioU pathway, pimeloyl-ACP/CoA => biotin",0.6186887432486938,0.15306740839402194,0.163745310810804,0.3361203425748964,0.9978157343095563,0.2475253630163552,0.44988415083101524
"M00953Mugineic acid biosynthesis, methionine => 3-epihydroxymugineic acid",0.6143252044708349,0.5551102209824442,0.1833947481081005,0.28150746882131406,0.9978157343095563,0.6615697154174336,0.3862957379724657
"M00955CMP-Neu5Ac/Neu5Gc biosynthesis, animals, UDP-GlcNAc => CMP-Neu5Ac => CMP-Neu5Gc",0.010389052879414966,0.72247311188288,-0.11462171756756283,0.5038529326433691,0.3370254369699536,0.7896376976609366,0.6122235354744847
"M00956Lysine degradation, bacteria, L-lysine => succinate",0.8403969382161003,0.7117062021984683,-0.049123593243241205,0.7757667285248198,0.9978157343095563,0.7837777163451486,0.856493723117504
"M00957Lysine degradation, bacteria, L-lysine => glutarate => succinate/acetyl-CoA",0.8942289922081598,0.101135781744793,-0.36023968378376886,0.035122884733706096,0.9978157343095563,0.17883766284140226,0.06882186873496464
"M00958Adenine ribonucleotide degradation, AMP => Urate",0.010750602029569688,0.7823168077361565,0.049123593243241205,0.7713881417009134,0.3370254369699536,0.8415288095312815,0.8560046980609626
"M00959Guanine ribonucleotide degradation, GMP => Urate",0.011114279537161705,0.5785112432863223,0.08842246783783417,0.6025622051748966,0.3370254369699536,0.6830095693503478,0.7111876301940361
"M00960Lysine degradation, bacteria, L-lysine => D-lysine => succinate",0.36525172256750993,0.38802065870288033,-0.2325183413513417,0.17417216500783983,0.9978157343095563,0.5114817773810696,0.266777787952149
"M00961Betacyanin biosynthesis, L-tyrosine => amaranthin",0.014983215798546366,0.005716409305976429,0.5010606510810602,0.003309791470913737,0.348762963051134,0.018809156016637327,0.009534829734089242
"M00967Flavone degradation, luteolin/apigenin => DHCA/phloretate",0.051963713319279604,0.12284316152004165,0.34386515270268847,0.043720722290911986,0.6109247376726116,0.20631959560315877,0.08233123028808102
"M00968Pentose bisphosphate pathway (nucleoside degradation), archaea, nucleoside/NMP => 3-PGA/glycerone phosphate",0.8812484462040533,0.00637861171518261,0.5338097132432211,0.0017528429143530387,0.9978157343095563,0.02010649345003214,0.005865282059565937
"M00969Fumagillin biosynthesis, farnesyl-PP => fumagillin",0.9856333406981481,0.02211362020195377,-0.43883743297295474,0.01025061645200322,0.9978157343095563,0.052279482542662445,0.024500099761656048
"M00970Proline degradation, proline => glutamate",0.21629813983554702,0.17880285094783058,0.12117152999999498,0.476143233602508,0.9247752198520287,0.27978143943275646,0.5884156437985539
M00972Proline metabolism,0.7134372281348569,0.0006297925238001893,0.6058576499999748,0.000383540841042609,0.9978157343095563,0.006560526125185551,0.0021389777673530117
"M00973Anammox, nitrite + ammonia => nitrogen",0.36875598404768506,0.6259602123373738,-0.03929887459459296,0.8201904468689796,0.9978157343095563,0.7280553271838438,0.8919571109700153
"M00974Betaine metabolism, animals, betaine => glycine",0.05026792418265916,0.5270866143234608,0.11462171756756283,0.5002099943768495,0.6109247376726116,0.6386704101133858,0.6094995729801949
"M00975Betaine degradation, bacteria, betaine => pyruvate",0.4989860805309222,0.5200117331538023,-0.19321946675674873,0.25899932598971276,0.9978157343095563,0.6318578321840894,0.35995113995375416
"M00976C19-Steroid hormone biosynthesis, pregnenolone => testosterone => dihydrotestosterone",0.7983454363914777,0.00026283239928716963,0.6844553991891609,6.0340008747673025e-05,0.9978157343095563,0.006560526125185551,0.0016285189985809547
"M00977C19-Steroid hormone biosynthesis (androgen backdoor pathway), pregnenolone => androsterone => dihydrotestosterone",0.7983454363914777,0.00026283239928716963,0.6844553991891609,6.0340008747673025e-05,0.9978157343095563,0.006560526125185551,0.0016285189985809547
M00978Ornithine-ammonia cycle,0.7077888152943176,0.000681447537107491,0.6418816183783518,0.0001684674826118229,0.9978157343095563,0.006560526125185551,0.0016285189985809547
"M00981Geissoschizine biosynthesis, tryptophan => geissoschizine",0.0019772821592144007,0.1842537415053161,0.20631909162161308,0.2258191371938414,0.17202354785165286,0.28422119700288123,0.3252692870176192
M00982Methylcitrate cycle,0.006966597405635793,0.387438482279985,-0.20631909162161308,0.22801828885474584,0.33671887460572997,0.5114817773810696,0.3273529889498827
"M00984Sulfur oxidation, tetrathionate intermediate (S4I) pathway, thiosulfate => sulfur + sulfate + thiosulfate",0.49151392719104703,0.3634869033296859,0.1899445605405327,0.26472227710121865,0.9978157343095563,0.4865132398412719,0.36673309088863093
"M00985Sulfide oxidation, sulfide => sulfur",0.5384443345935652,0.0015786247834075067,-0.6058576499999748,0.0003919613962121715,0.9978157343095563,0.007803429327071198,0.0021582684474974
"M00986Sulfur reduction, sulfur => sulfide",0.2381484654563283,0.6311509571858126,0.0327490621621608,0.8456593712763921,0.9504090135183745,0.7298670558516269,0.8994176687169452
"M00987Assimilatory sulfate reduction, plants, sulfate => H2S",0.2615722402612999,0.5733228365769847,-0.0687730305405377,0.6892154994797215,0.9894254305536125,0.6814082893742851,0.7931448208298383
"M00988PreQ1 biosynthesis, GTP => 7-Aminomethyl-7-deazaguanine",0.9536421730962562,0.15387393408939326,0.049123593243241205,0.7713881417009134,0.9978157343095563,0.24790800492180023,0.8560046980609626
"M00989Ubiquinone biosynthesis, O2-independent, prokaryotes, chorismate (+ polyprenyl-PP) => ubiquinol",0.43891903895252815,0.008509972937224754,-0.5174351821621408,0.0024652192289188325,0.9978157343095563,0.02535272028375114,0.007770799743331102
"M00990Dimethylsulfoniopropionate (DMSP) degradation, demethylation pathway, DMSP => methanethiol",0.8751563857241366,0.08935257976934183,-0.36023968378376886,0.035122884733706096,0.9978157343095563,0.16385470671403998,0.06882186873496464
"M00991Dimethylsulfoniopropionate (DMSP) degradation, cleavage pathway, DMSP => acetyl-CoA",0.45231875226862484,0.03548700916139046,0.3766142148648493,0.02720537373317669,0.9978157343095563,0.07796388376366087,0.05635398844729457
"M00992Dimethylsulfoniopropionate (DMSP) degradation, cleavage pathway, DMSP => acrylate => acetyl-CoA",0.45231875226862484,0.03548700916139046,0.3766142148648493,0.02720537373317669,0.9978157343095563,0.07796388376366087,0.05635398844729457
"M00993Dimethylsulfoniopropionate (DMSP) degradation, cleavage pathway, DMSP => propionyl-CoA",0.4331802660029712,0.0017404638799683235,-0.5993078375675427,0.00045305652616794067,0.9978157343095563,0.008319799865782644,0.0023031953985627397
"M00994UDP-GlcA biosynthesis, myo-inositol => GlcA => UDP-GlcA",0.18785296461479148,0.11498967779946587,-0.3307655278378241,0.05307392912222894,0.8929386891496974,0.19770952507022788,0.09700487045449407
"M00995UDP-MurNAc biosynthesis, Fru-6P => UDP-MurNAc",0.8297977797293159,0.0008619560227389079,0.6189572748648392,0.0002857608480200451,0.9978157343095563,0.006576492132319202,0.001954966947092823
"M00996UDP-MurNAc biosynthesis, anhMurNAc -> UDP-MurNAc",0.83751013823809,0.038832471093241665,-0.4290127143243065,0.012082742602684304,0.9978157343095563,0.0840404225152245,0.027663121221935115
"M00997UDP-Xyl/L-Ara biosynthesis, UDP-Glc => UDP-Xyl => UDP-L-Ala",0.03347072213175772,0.8483903638233353,-0.07859774918918593,0.6473405309522324,0.5521023847819125,0.889276646417231,0.7549413698772685
"M00998UDP-L-Ara biosynthesis, L-Ala => UDP-L-Ala",0.1375351909063774,0.9711452058567459,-0.02947415594594472,0.8651988294057055,0.7932564922881098,0.9824375919713593,0.9112869026428133
"M00999UDP-GlcA/GalA biosynthesis, UDP-Glc => UDP-GlcA => UDP-GalA",0.787207440991876,0.000951036649831524,0.6156823686486231,0.0003077382482214601,0.9978157343095563,0.006671030805146186,0.001954966947092823
"M01000GDP-Man biosynthesis, Fru-6P => GDP-Man",0.7209966425550305,0.0006514327849960845,0.6353318059459195,0.00019626400938781,0.9978157343095563,0.006560526125185551,0.0016740165506607325
"M01001GDP-L-Fuc biosynthesis, L-Fuc => GDP-L-Fuc",0.178514100946149,0.0068604517819757516,0.5305348070270051,0.00187076084202227,0.8929386891496974,0.020947691546436612,0.006118653881802162
"M01002UDP-GalNAc biosynthesis, Fru-6P => UDP-GalNAc",0.8849779487102427,0.0003971958471813855,0.6680808681080803,9.018816097533296e-05,0.9978157343095563,0.006560526125185551,0.0016285189985809547
"M01003UDP-GlcNAc biosynthesis, GlcNAc => UDP-GlcNAc",0.7712538463001255,0.1837012569378609,0.30784118432431157,0.07095292433309425,0.9978157343095563,0.28422119700288123,0.12495757929107693
"M01004UDP-Galf biosynthesis, UDP-Glc => UDP-Galf",0.9114648372325291,0.006070256885142785,0.5370846194594372,0.001641793783880208,0.9978157343095563,0.019603819692705575,0.005579533562405394
