Sample ID,Depth,pH,H2S,Fe2,Fetot,NH4,Ca,Mg,Cl,NO2,NO3,SO4.IC,PO4,Lactate,Acetate,Propionate,Formate,Butyrate,month,SO4(uM),Acetate(uM),Lactate(uM),Propionate(uM),Butyrate(uM),Formate(uM),NH4(uM),Fe2(uM),Fetot(uM),Ca(uM),Mg(uM),Cl(uM),NO2(uM),NO3(uM),PO4(uM),Depth_group
1,0,7.17,21.427609426666667,0.85,0.97,94.89,27.37,12.07,8.925109495707014,0.0,0.1905683927932742,13.039232523100118,1.1724212852739138,0.36535555302358863,3.1660963324497677,0.0,0.31132575837640536,0.0,Oct,135.74050096918717,53.622659922257434,4.055900899462573,0.0,0.0,6.915737574169876,6.774615005675855,15.220700152207002,17.369504879577402,682.918309296871,496.6056367002675,251.74483106385958,0.0,3.0734408537595286,12.344993179777424,Top
2,0,7.85,5.9393939389999995,0.47,0.55,80.54,27.72,12.09,8.966009983518989,0.0,0.17356303411388652,13.833146234259324,0.8551673826710258,0.3808425442734896,2.6962129308500145,0.0,0.35840584067035186,0.0,Oct,144.00526997979728,45.664469393164666,4.227825757920622,0.0,0.0,7.961566534206007,5.7501053067460575,8.4161518488674,9.848688333781002,691.6512800039922,497.42851265171777,252.89848485372147,0.0,2.7991825503127417,9.004472743068185,Top
3,0,7.67,6.478114477666668,0.53,0.6,53.83,27.37,12.33,8.487474276118883,0.0,0.0,14.285764936746768,0.8486928132301506,0.0,2.3325440930127335,0.0,0.4085420459387146,0.0,Oct,148.71710323492366,39.505184151018454,0.0,0.0,0.0,9.07528369146577,3.8431607730586075,9.490554212552603,10.744023636852,682.918309296871,507.30302406912165,239.40073551233695,0.0,0.0,8.936298856604731,Top
4,-3,7.63,34.76094276,0.68,0.8,145.87,29.81,11.45,8.301377056574397,0.0,0.20757375147266188,5.601052033678638,0.9717096326067807,0.34677253623843224,2.6214168922971712,0.0,0.0,0.0,Oct,58.30784961147863,44.397684646994975,3.8496063081531107,0.0,0.0,0.0,10.414301727030635,12.176560121765602,14.325364849136003,743.7995907979439,471.09648220530755,234.1516107684652,0.0,3.3476991572063155,10.231602699410356,Top
5,-3,7.72,27.084175083333335,0.79,0.91,122.38,26.93,11.8,8.09994215410042,0.0,0.0,10.095013778764322,0.8843029451549644,0.0,2.465450422578981,0.0,0.0,0.0,Oct,105.09071183389882,41.75615511447363,0.0,0.0,0.0,0.0,8.737247174566457,14.146297788521801,16.295102515892204,671.939717550776,485.4968113556882,228.4698658533952,0.0,0.0,9.311255232153727,Top
6,-3,7.71,40.95622895666667,1.08,1.33,80.97,27.98,12.06,8.599950617601813,0.0,0.21891065725892034,9.091635748978241,0.8648792368323387,0.32199750998018106,2.5151163862597112,0.0,0.31436266954526726,0.0,Oct,94.64538568580305,42.59732379682459,3.574572712923857,0.0,0.0,6.983199003604576,5.780804900511898,19.339242546333605,23.815919061688604,698.1386296721392,496.1941987245423,242.5732834344572,0.0,3.5305380261708406,9.106733572763366,Top
7,-6,7.98,28.700336699999998,0.7,0.67,364.06,35.85,0.0,7.967015568711503,0.0,0.17545251841159626,4.051309032928751,1.0947264519834108,0.0,2.6780684735465083,0.0,0.0,0.0,Oct,42.17477652434677,45.35716539439246,0.0,0.0,0.0,0.0,25.991846759051025,12.534694242994,11.9974930611514,894.505713857977,0.0,224.72049103634396,0.0,2.8296556951401626,11.52690654221598,Top
8,-6,7.89,6.074074073666668,0.86,1.02,17.31,30.13,12.2,5.6438678609913335,0.0,0.0,4.02787246580966,0.0,0.0,2.1060028911292226,0.0,0.3356230308814224,0.0,Oct,41.93079810336935,35.66836412047325,0.0,0.0,0.0,7.455473063096662,1.2358371350853519,15.399767212821201,18.2648401826484,751.7840211587403,501.9543303846945,159.19295577218665,0.0,0.0,0.0,Top
9,-6,7.92,16.040404040000002,1.11,1.47,293.01,28.93,11.46,7.717522593058456,0.0,0.177342002709306,1.0792593651390334,1.046167181176846,0.0,1.1553166115445301,0.0,0.44957691997583676,0.0,Oct,11.235263014147755,19.56704511118031,0.0,0.0,0.0,9.986825420970671,20.91927434727666,19.876443728176206,26.322857910287404,721.8424073057538,471.5079201810328,217.68320291818623,0.0,2.8601288399675835,11.015602393740073,Top
10,-9,7.25,19.003367003333334,1.28,2.11,413.72,39.4,12.5,5.545706690242595,0.0,0.16978406551846703,0.45233119470335137,1.6806749863826225,0.0,2.2763547370415873,0.0,0.31436266954526726,0.0,Oct,4.708840253001784,38.553531892175116,0.0,0.0,0.0,6.983199003604576,29.537292866985087,22.920583758617603,37.7831497895962,983.0829881730624,514.2974696564493,156.42418667651805,0.0,2.7382362606579,17.69664326715856,Top
11,-9,7.25,19.811447813333334,1.1,1.72,1170.73,36.47,12.93,6.675582666048398,0.0,0.17545251841159626,0.46990862004266953,1.541471743403804,0.0,0.0,0.0,0.0,0.0,Oct,4.891824068734848,0.0,0.0,0.0,0.0,0.0,83.58357071972699,19.697376667562004,30.799534425642403,909.97554768202,531.9893026126311,188.2938726214537,0.0,2.8296556951401626,16.2309047081943,Top
12,-9,7.37,36.51178451,0.65,0.92,278.47,34.55,11.42,7.449624397890021,0.0,0.16600509692304755,1.6842157539005678,1.0979637367038484,0.0,2.1037660719360654,0.0,0.3173996515410621,0.0,Oct,17.532956005627398,35.63048018318653,0.0,0.0,0.0,7.050662006376748,19.88119971156661,11.639358939923001,16.4741695765064,862.0689655172412,469.8621682781321,210.12677059459062,0.0,2.6772899710030584,11.560993485447707,Top
13,-12,7.49,24.794612793333332,1.5,1.38,282.15,38.45,11.55,7.177636153940389,0.0,0.30393745065585875,1.8072577312757951,1.4055057851454236,0.3189008188862712,2.4767330057609045,0.0,0.0,0.0,Oct,18.81384271575885,41.94724283180178,3.5401955915438634,0.0,0.0,0.0,20.143931118678914,26.860059092130005,24.7112543647596,959.3792105394481,475.2108619625592,202.4549728920088,0.0,4.901829543404775,14.799253092461768,Top
14,-12,7.66,18.19528619333333,0.96,1.38,151.58,38.31,12.92,6.989493910005305,0.0,0.24536343742685673,4.080604741827614,1.1724212852739138,0.0,2.164202606118015,0.0,0.0,0.0,Oct,42.47974955056854,36.6540648688777,0.0,0.0,0.0,0.0,10.821963774479357,17.1904378189632,24.7112543647596,955.8860222565996,531.577864636906,197.14816545864397,0.0,3.9571620537547307,12.344993179777424,Top
15,-12,7.29,40.41750841666667,0.67,0.85,378.86,34.23,11.51,7.615271373528519,0.0,0.2037947828772424,2.084102180370057,1.2501161185644172,0.0,2.4767330057609045,0.0,0.0,0.0,Oct,21.69583781355462,41.94724283180178,0.0,0.0,0.0,0.0,27.048483939828795,11.9974930611514,15.220700152207002,854.0845351564448,473.56511005965854,214.79906844353138,0.0,3.286752867551474,13.163079817338875,Top
16,-15,7.51,27.89225589333333,0.71,0.83,194.22,29.4,11.56,7.850449178447374,0.0,0.2132422043657911,5.461897416409036,1.0817773131016601,0.0,2.4789898849269187,0.0,0.0,0.0,Oct,56.859227736925206,41.98546651525843,0.0,0.0,0.0,0.0,13.86622116558504,12.713761303608202,14.8625660309786,733.5695393981734,475.6222999382843,221.4325777352375,0.0,3.439118591688578,11.390558769289072,Top
17,-15,7.33,32.06734006666667,0.72,0.51,322.11,34.7,11.76,8.07028930043674,0.0,0.243473953129147,4.1391961596253415,1.1368111533490999,0.0,3.191331420071356,0.0,0.0,0.0,Oct,43.08969560301209,54.05005453680909,0.0,0.0,0.0,0.0,22.9968515067789,12.892828364222401,9.1324200913242,865.8116672488648,483.8510594527875,227.63346685574533,0.0,3.9266889089273103,11.970036804228428,Top
18,-15,7.54,43.24579124666667,0.51,0.6,236.0,32.49,11.83,8.339210007800475,0.0,0.22080014155663008,5.356432864373127,1.0494044658972839,0.3560638574426389,3.106507887291833,0.0,0.3022154498314171,0.260534488126303,Oct,55.76132484252682,52.61343891490809,3.95275152578418,0.0,2.9569230294666093,6.713362725890599,16.849079369159046,9.1324200913242,10.744023636852,810.6691950696143,486.7311252828636,235.21874052408748,0.0,3.5610111709982615,11.049689336971802,Top
19,-18,7.25,23.582491583333333,0.84,1.07,188.09,38.5,12.41,9.794244861711478,0.0,0.20757375147266188,0.3966693477955104,1.8975730626519438,0.0,3.140875866856587,0.0,0.3280296462884408,0.0,Oct,4.129391503180412,53.19551295401035,0.0,0.0,0.0,7.28679490611193,13.428573468411546,15.041633091592802,19.160175485719403,960.6267777833225,510.5945278749229,276.25997409842546,0.0,3.3476991572063155,19.980468463684264,Top
20,-18,7.52,10.518518516666667,0.95,2.95,1342.08,52.99,20.23,7.992578373593988,0.0,0.22457911015204957,0.5651196739639763,1.6612512780599964,0.0,3.099637554145552,0.0,0.3219552573352536,0.26397219759967466,Oct,5.882986403955615,52.49707936700684,0.0,0.0,2.9959391397080317,7.151859460542764,95.81700186339394,17.011370758349,52.82478288118901,1322.1717650581365,832.3390248919975,225.44152465500767,0.0,3.621957460653103,17.492121607768198,Top
21,-18,7.75,17.925925926666665,0.73,1.91,1224.8,57.07,17.29,8.488496788314182,0.0,0.3511745580986023,0.52996482328534,1.7648443891140007,0.0,2.8211654356729152,0.0,0.347773366980321,0.0,Oct,5.517018772489486,47.78073022953925,0.0,0.0,0.0,7.725378567659351,87.44386614977118,13.071895424836601,34.20180857731221,1423.9732521582912,711.3762600288006,239.4295768570835,0.0,5.663658164090294,18.58290379118346,Top
22,-21,7.85,16.309764310000002,0.81,2.09,1503.15,58.32,19.09,8.787070349341597,0.0,0.243473953129147,0.5812323138583514,1.755132534952688,0.0,2.798419608710141,0.0,0.3022154498314171,0.0,Oct,6.050721568377591,47.39549503268987,0.0,0.0,0.0,6.713362725890599,107.316498532845,14.504431909750203,37.425015668367806,1455.1624332551523,785.4350956593294,247.85124952307552,0.0,3.9266889089273103,18.48064296148828,Mid
23,-21,8.01,16.57912457666667,0.86,2.7,2206.31,78.25,24.84,9.798334910492676,0.0,0.18489993990014497,0.37323278067641946,1.7680816738344385,0.0,3.5299673068483197,0.0,0.3249924163983807,0.0,Oct,3.8854130822029926,59.78536865470361,0.0,0.0,0.0,7.219326396658611,157.51818772444614,15.399767212821201,48.34810636583401,1952.442736663506,1022.0119317012961,276.37533947741167,0.0,2.9820214192772663,18.616990734415186,Mid
24,-21,7.96,18.599326596666668,0.75,1.08,1395.95,65.61,17.83,8.840240983497164,0.0,0.17923148700701574,0.4684438345977263,1.8652002154475675,0.0,2.689407853037125,0.0,0.3128442051074697,0.0,Oct,4.8765754174237586,45.549215043647536,0.0,0.0,0.0,6.949468092220043,99.66301841261682,13.430029546065002,19.339242546333605,1637.0577374120462,733.5939107179593,249.35099944989602,0.0,2.8906019847950044,19.639599031366995,Mid
25,-24,7.96,22.235690236666667,0.92,2.15,1670.33,60.45,18.09,10.175641910558141,0.0,0.2529213746176957,0.5504718195145446,1.6644885627804342,0.0,2.637271721924757,0.0,0.3128442051074697,0.0,Oct,5.730499890844728,44.666210316454794,0.0,0.0,0.0,6.949468092220043,119.25221501138739,16.4741695765064,38.499418032053,1508.3087978442038,744.2912980868134,287.0177956888879,0.0,4.079054633064414,17.526208550999925,Mid
26,-24,7.78,40.41750842,0.69,1.56,1501.88,51.68,16.79,9.762546983657197,0.0,0.20568426717495214,0.9371751769795448,1.5576581670059921,0.0,2.8188903091821924,0.0,0.0,0.0,Oct,9.75614383697215,47.74219749986777,0.0,0.0,0.0,0.0,107.22582763962961,12.3556271823798,27.934461455815207,1289.4855032686262,690.8043612425427,275.36589241128246,0.0,3.3172260123788946,16.401339424352933,Mid
27,-24,7.8,25.333333333333332,0.73,1.59,1654.15,51.44,17.22,9.683813544619145,0.0,0.19812632998411317,0.4743029763774991,1.5738445906081804,0.0,2.8006936476119737,0.0,0.34625451299439236,0.0,Oct,4.9375700226681145,47.434009342388286,0.0,0.0,0.0,7.691639002918727,118.09705355294253,13.071895424836601,28.471662637657804,1283.4971804980287,708.4961941987244,273.14510886579825,0.0,3.195333433069212,16.571774140511568,Mid
28,-27,7.66,17.656565656666668,0.96,2.08,2403.6,73.42,25.53,11.93436288647306,0.0,0.18867890849556446,0.6368941607661923,1.98497975010376,0.0,2.814340418730378,0.0,0.32954828779357065,0.0,Oct,6.630170318198962,47.665138180515854,0.0,0.0,0.0,7.320529750840141,171.60358971063846,17.1904378189632,37.245948607753604,1831.9277409052347,1050.401152026332,336.62490865295064,0.0,3.042967708932108,20.900815930940894,Mid
29,-27,8.01,12.67340067,0.96,2.01,2476.82,92.81,30.52,12.578545569511663,0.0,0.17356303411388652,0.4039932750202263,1.8004545210388148,0.0,2.623681505428625,0.0,0.3173996515410621,0.0,Oct,4.205634759735855,44.43603931692679,0.0,0.0,0.0,7.050662006376748,176.8310879793242,17.1904378189632,35.9924791834542,2315.7343180797443,1255.7087019131866,354.79495584327594,0.0,2.7991825503127417,18.957860166732456,Mid
30,-27,8.07,6.612794612333334,0.94,2.41,2329.16,88.01,28.67,12.231913935305176,0.0,0.18867890849556446,0.5783027429684651,1.7907426668775017,0.0,2.2786008611619133,0.0,0.0,0.0,Oct,6.020224265755414,38.59157342256476,0.0,0.0,0.0,0.0,166.2889902689427,16.8323036977348,43.155161608022205,2195.967862667798,1179.592676404032,345.0177399741961,0.0,3.042967708932108,18.855599337037273,Mid
31,-30,8.12,25.737373736666665,0.93,3.43,1798.48,74.94,24.07,11.490592593713133,0.0,0.18678942419785471,0.6222463063167605,1.7745562432753137,0.0,2.517375319760296,0.0,0.3386605086657477,0.0,Oct,6.477683805088075,42.63558227356372,0.0,0.0,0.0,7.522947079231128,128.401407897649,16.6532366371206,61.420001790670604,1869.8537851190179,990.3312075704588,324.10776503294875,0.0,3.012494564104687,18.68516462087864,Mid
32,-30,8.14,9.306397305333332,0.74,3.2,2966.25,107.79,36.85,14.831139935756175,0.0,0.19434736138869368,0.5724436011886923,1.4022685004249857,0.0,3.1019275443511023,0.0,0.3538489599913678,0.0,Oct,5.959229660511059,52.535863836310256,0.0,0.0,0.0,7.860340759965518,211.7736511812204,13.2509624854508,57.30145939654401,2689.5054643445283,1516.1489405472125,418.3324383199214,0.0,3.1343871434143704,14.765166149230039,Mid
33,-30,8.18,9.373737374000001,0.71,3.65,2635.75,119.17,33.25,14.770811716233512,0.0,0.2170211729612106,0.7101334330133515,1.8716747848884427,0.0,3.624882501599025,0.12065146246126585,0.3356230308814224,0.29836130189560695,Oct,7.3926028837533995,61.39290193074699,0.0,1.6286644500710832,3.3862365440427524,7.455473063096662,188.17780062398708,12.713761303608202,65.35947712418302,2973.4517690503517,1368.031269286155,416.63079897987507,0.0,3.5000648813434196,19.70777291783045,Mid
34,-33,8.32,18.06060606,0.67,4.24,2199.6,73.83,26.5,13.25238110621395,0.0,0.19245787709098394,0.5885562410830674,1.6515394238986836,0.0,4.375020137697856,0.0,0.3280296462884408,0.349985900028876,Oct,6.126964824933036,74.09762444444577,0.0,0.0,3.9721473161829075,7.28679490611193,157.0391312728908,11.9974930611514,75.92443370042082,1842.157792305005,1090.3106356716726,373.8014020312512,0.0,3.1039139985869495,17.389860778073015,Mid
35,-33,8.17,15.905723903333334,0.81,2.3,2512.49,87.54,31.71,0.0,0.0,0.0,0.5079930416111922,0.0,0.0,0.0,0.0,0.31891816909905935,0.0,Oct,5.288289002823154,0.0,0.0,0.0,0.0,7.084394097764385,179.3777263738068,14.504431909750203,41.185423941266,2184.2407305753777,1304.6698210244806,0.0,0.0,0.0,0.0,Mid
36,-33,8.33,18.06060606,0.59,3.97,2499.96,102.62,31.03,14.519273716189868,0.0,0.2302475630451788,0.666189869665056,2.088572861157764,0.0,3.2234699518787617,0.12065146246126585,0.32954828779357065,0.3465427316635882,Oct,6.935143344420737,54.594369485108764,0.0,1.6286644500710832,3.9330692505230753,7.320529750840141,178.48315449035104,10.564956576237801,71.08962306383741,2560.5070113279103,1276.6920386751697,409.5358281722243,0.0,3.713376895135365,21.99159811435615,Mid
37,-36,8.08,12.404040403333333,0.83,3.56,3268.51,117.32,36.09,17.198255667874218,0.0,0.2000158142818229,0.6061336664223855,2.017352597308136,0.0,3.1523379022053377,0.0,0.3265110224900441,0.3396570500000426,Oct,6.309948640666099,53.389639966894826,0.0,0.0,3.8549205538536215,7.253060454718086,233.3533237664832,14.8625660309786,63.7478735786552,2927.2917810269973,1484.8796543921005,485.1001514081803,0.0,3.2258065778966327,21.24168536325816,Mid
38,-36,8.07,6.2087542083333345,1.18,4.49,2807.7,110.81,37.35,15.855697155446144,0.0,0.18301045560243523,0.8551471920627265,1.5544208822855548,0.0,3.246440547212107,0.12663014606558753,0.3979054819933077,0.32933016517229896,Oct,8.90221936355118,54.983411476392305,0.0,1.7093702222676503,3.737716095474963,8.83900486468018,200.454068410118,21.129913152475602,80.40111021577582,2764.8585258745447,1536.7208393334706,447.23146575596263,0.0,2.951548274449846,16.36725248112121,Mid
39,-36,8.22,9.845117844,1.22,4.3,2822.2,125.12,36.73,0.0,0.0,0.0,0.633964589876306,0.0,0.0,0.0,0.0,0.3644819294699291,0.0,Oct,6.599673015576785,0.0,0.0,0.0,0.0,8.096539739874471,201.48928726966378,21.8461813949324,76.998836064106,3121.9122710714105,1511.2116848385103,0.0,0.0,0.0,0.0,Mid
40,-39,8.23,7.016835017000001,1.08,4.75,2938.98,115.07,36.65,17.020338545892127,0.0,0.17923148700701574,0.5504718195145446,1.376370222661485,0.0,3.191331420071356,0.0,0.3948666230837905,0.30868229112008116,Oct,5.730499890844728,54.05005453680909,0.0,0.0,3.5033740905695283,8.771500168465035,209.82672578123325,19.339242546333605,85.056853791745,2871.151255052647,1507.9201810327093,480.08175742228093,0.0,2.8906019847950044,14.492470603376226,Mid
41,-39,8.19,12.404040404,1.29,5.36,2885.15,119.72,35.57,15.890462570086324,0.0,0.18678942419785471,0.4054580604651695,1.3957939309841105,0.0,3.8479176225495344,0.1356001420077413,0.3341043185493596,0.31212305757292585,Oct,4.220883411046945,65.17034114473164,0.0,1.8304554806660542,3.54242489584526,7.421736645030979,205.98356500817465,23.099650819231805,95.9799444892112,2987.1750087329706,1463.4848796543922,448.2120714773453,0.0,3.012494564104687,14.696992262766585,Mid
42,-39,8.12,12.134680132666668,0.68,2.64,2869.82,129.66,36.56,0.0,0.0,0.0,0.7101334330133515,0.0,0.0,0.0,0.0,0.35840584067035186,0.0,Oct,7.3926028837533995,0.0,0.0,0.0,0.0,7.961566534206007,204.8890887932204,12.176560121765602,47.27370400214881,3235.19137681521,1504.217239251183,0.0,0.0,0.0,0.0,Mid
43,-42,8.11,13.346801346666666,0.88,4.06,3044.38,131.55,37.18,18.136921863159042,0.0,0.23213704734288854,0.48748604538198775,1.8587256460066923,0.0,3.476811138200473,0.12663014606558753,0.3538489599913678,0.29148173419100737,Oct,5.074807884467914,58.88508803943623,0.0,1.7093702222676503,3.3081572374419177,7.860340759965518,217.35169597406954,15.757901334049603,72.70122660936521,3282.3494186336648,1529.7263937461428,511.5765058855115,0.0,3.7438500399627856,19.57142514490354,Btm
44,-42,8.09,14.424242423333334,0.89,2.47,2805.42,118.0,34.4,16.38535847261122,0.0,0.2000158142818229,0.6075984518673287,1.8813866390497556,0.0,3.1798591130497567,0.0,0.4267781741270005,0.3052417430229131,Oct,6.325197291977188,53.85575355751231,0.0,0.0,3.4643257635105336,9.480377948930414,200.29128916875496,15.9369683946638,44.22956397170741,2944.25869554369,1415.3466364945484,462.1712823346746,0.0,3.2258065778966327,19.81003374752563,Btm
45,-42,8.14,5.535353535,0.93,1.81,2864.54,135.2,36.22,16.54384786288262,0.0,0.21891065725892034,0.5724436011886923,2.1371321319643286,0.0,3.460645862366437,0.14158145299295788,0.4024639031580827,0.3672050171904645,Oct,5.959229660511059,58.61130449099717,0.0,1.911196719667358,4.1675748177331124,8.940264859010655,204.5121263395375,16.6532366371206,32.411137971170206,3373.4218274364985,1490.2283480765275,466.6416907703895,0.0,3.5305380261708406,22.50290226283206,Btm
46,-45,8.01,9.441077441333334,0.77,1.95,2719.53,125.68,34.28,17.164512765429336,0.0,0.26425828040395416,0.5870914556381241,2.0562000139533883,0.0,3.1523379022053377,0.0,0.38271189571505093,0.31212305757292585,Oct,6.1117161736219465,53.389639966894826,0.0,0.0,3.54242489584526,8.501497116979161,194.15922380003857,13.788163667293402,34.918076819769,3135.8850242028047,1410.4093807858467,484.1483870315442,0.0,4.261893502028939,21.65072868203889,Btm
47,-45,8.18,12.94276094,0.81,2.57,2814.2,115.69,33.1,15.374093911460143,0.0,0.0,0.5914858119729537,1.9946916042650726,0.0,3.379908302955598,0.0,0.3356230308814224,0.28116402030168275,Oct,6.1574621275552115,57.2438910466025,0.0,0.0,3.191056864166187,7.455473063096662,200.91813203681093,14.504431909750203,46.0202345778494,2886.6210888766905,1361.859699650278,433.64719238033854,0.0,0.0,21.00307676063607,Btm
48,-45,8.23,10.922558923333334,0.76,2.53,2961.36,141.92,36.76,17.84346086310812,0.0,0.23402653164059828,0.5534013904044309,2.0464881597920748,0.0,3.409879258729167,0.0,0.3751157665784186,0.3190052455456452,Oct,5.760997193466905,57.751494795900804,0.0,0.0,3.6205339410469324,8.332757993167439,211.42453254513913,13.6090966066792,45.3039663353926,3541.0948650132236,1512.445998765686,503.2990399432522,0.0,3.7743231847902066,21.548467852343702,Btm
49,-48,8.28,7.555555555666667,0.66,2.04,2739.85,129.01,34.97,18.89664842426647,0.0,0.2132422043657911,0.4464720529235786,1.7875053821570643,0.0,3.3315368231165654,0.0,0.35081112807237796,0.26397219759967466,Oct,4.647845647757428,56.42464641820618,0.0,0.0,2.9959391397080317,7.792858877143701,195.60995809148477,11.818426000537203,36.5296803652968,3218.9730026448424,1438.7986011108824,533.0056250321966,0.0,3.439118591688578,18.82151239380555,Btm
50,-48,8.25,11.46127946,0.61,1.31,2791.31,103.99,31.33,15.800481496899978,0.0,0.22457911015204957,0.5358239650651127,1.949369618178946,0.0,3.2234699518787617,0.0,0.34169805727700586,0.0,Oct,5.578013377733839,54.594369485108764,0.0,0.0,0.0,7.590422668703065,199.28391412681074,10.9230906974662,23.457784940460204,2594.69035381007,1289.0351779469245,445.67403313964905,0.0,3.621957460653103,20.525859555391897,Btm
51,-48,8.29,10.787878788666667,0.87,4.8,3068.08,115.22,33.68,16.943650131244677,0.0,0.22457911015204957,0.5709788157437491,1.4378786323497998,0.0,4.438683548116022,0.26743175367719796,0.35233003517850625,0.25365972424658956,Oct,5.94398100919997,75.1758611902314,0.0,3.6100398714524564,2.878898243633975,7.826599621887425,219.0437433513961,15.578834273435403,85.952189094816,2874.893956784271,1385.723102242337,477.9186565662899,0.0,3.621957460653103,15.140122524779036,Btm
52,-51,8.35,9.306397306666668,0.64,1.32,2553.69,135.44,34.77,18.818937497423722,0.0,0.17356303411388652,0.7555417818065902,2.0756237222760134,0.0,3.597081417880281,0.0,0.38878911774555486,0.25709699700860794,Oct,7.86531107439715,60.922048267059836,0.0,0.0,2.917909397441924,8.636495496047155,182.319175822999,11.460291879308802,23.636852001074406,3379.4101502070957,1430.5698415963795,530.8136828314591,0.0,2.7991825503127417,21.855250341429247,Btm
53,-51,8.39,6.074074073666668,0.69,3.09,3315.82,106.75,33.51,15.439534691959302,0.0,0.19623684568640343,0.730640429242556,1.98497975010376,0.0,3.113379308027004,0.0,0.34929223867298287,0.25365972424658956,Oct,7.60608400210864,52.7298168827824,0.0,0.0,2.878898243633975,7.759118525734341,236.73099302476672,12.3556271823798,55.33172172978781,2663.55606567194,1378.7286566550092,435.4930384441176,0.0,3.164860288241791,20.900815930940894,Btm
54,-51,8.45,11.05723906,0.75,1.99,3053.7,148.61,37.17,17.97536493630174,0.0,0.18678942419785471,0.7350347855773856,2.386403055438026,0.0,3.532279894734137,0.12663014606558753,0.39334722018913176,0.25365972424658956,Oct,7.651829956041907,59.8245358501141,0.0,1.7093702222676503,2.878898243633975,8.737748410359014,218.0170918203431,13.430029546065002,35.634345062225805,3708.019362243625,1529.3149557704178,507.0195734155569,0.0,3.012494564104687,25.12759689167503,Btm
55,-54,7.57,19.003367003333334,0.96,1.7,2648.24,132.88,34.75,0.0,0.0,0.0,0.7350347855773856,0.0,0.0,0.0,0.0,0.370558301577238,0.0,Oct,7.651829956041907,0.0,0.0,0.0,0.0,8.231519238892819,189.06951673127858,17.1904378189632,30.441400304414003,3315.534707320724,1429.746965644929,0.0,0.0,0.0,0.0,Btm
56,-54,7.69,15.771043773333332,1.02,2.3,2680.15,138.25,34.97,18.478440936389028,0.0,0.24158446883143728,0.6178519499819309,2.159793125007392,0.0,3.033280404980933,0.0,0.39334722018913176,0.0,Oct,6.431937851154808,51.37322005590633,0.0,0.0,0.0,8.737748410359014,191.3477121663204,18.2648401826484,41.185423941266,3449.5234293128397,1438.7986011108824,521.2095150308585,0.0,3.8962157640998902,22.74151086545415,Btm
57,-54,7.6,5.535353535333333,1.37,2.64,3406.2,142.62,37.65,18.450833107115947,0.0,0.19812632998411317,0.6266406626515901,2.2957590832657724,0.0,3.120251816351065,0.0,0.36296288070993493,0.25365972424658956,Oct,6.523429759021342,52.84621327062978,0.0,0.0,2.878898243633975,8.062795848455803,243.18361926792176,24.532187304145403,47.27370400214881,3558.560806427466,1549.0639786052252,520.4307987227019,0.0,3.195333433069212,24.173162481186676,Btm
1,0,6.88,-2.174146915447975,0.21,0.87,275.56,133.86,34.13,16.213576423800923,0.0,0.0,44.29628913274269,0.8972520840367151,0.7466374102183673,0.0,0.0,0.30677052442361175,0.0,Feb,461.1314712965094,0.0,8.288603577024503,0.0,0.0,6.814548380025584,19.673441995616383,3.7604082728982005,15.578834273435403,3339.9870253006634,1404.2378111499693,457.32593641725447,0.0,0.0,9.447603005080635,Top
2,0,7.25,-3.3508152630694243,0.21,0.83,239.6,134.48,34.28,16.134842984762873,0.0,0.0,44.34316226698087,0.9134385076389032,0.0,0.0,0.0,0.3082889180344764,0.0,Feb,461.6194281384642,0.0,0.0,0.0,0.0,6.848277718072647,17.106099223942827,3.7604082728982005,14.8625660309786,3355.456859124706,1410.4093807858467,455.10515287177026,0.0,0.0,9.618037721239268,Top
3,0,7.36,-0.8293830895948903,0.21,0.93,215.84,137.8,34.32,16.030546740842336,0.0,0.0,44.636119355969505,1.6288784308556203,0.0,0.0,0.0,0.3082889180344764,0.0,Feb,464.6691584006819,0.0,0.0,0.0,0.0,6.848277718072647,15.409768182369866,3.7604082728982005,16.6532366371206,3438.29532411797,1412.055132688747,452.16333570762237,0.0,0.0,17.151252175450928,Top
4,-3,7.35,-1.5017650025214329,0.52,0.84,338.25,131.56,35.07,16.05815457011542,0.0,0.0,42.97212309051405,1.1691840005534764,0.0,0.0,0.0,0.3082889180344764,0.0,Feb,447.34669051128515,0.0,0.0,0.0,0.0,6.848277718072647,24.149157189059522,9.311487151938401,15.041633091592802,3282.5989320824388,1442.9129808681344,452.94205201577915,0.0,0.0,12.310906236545701,Top
5,-3,7.48,4.381576735585811,0.84,1.31,355.45,132.35,39.47,15.790256374946985,0.0,0.0,40.84232505356667,1.2209805560804785,0.0,0.0,0.0,0.33258562392403007,0.0,Feb,425.1751515049622,0.0,0.0,0.0,0.0,7.388000620299666,25.377140939693145,15.041633091592802,23.457784940460204,3302.310494535655,1623.9456901872043,445.3856196921835,0.0,0.0,12.856297328253332,Top
6,-3,7.55,5.558245083207261,0.71,1.24,355.48,139.14,38.78,16.045884423771827,0.0,0.0,41.19240877490809,1.2922008199301063,0.0,0.0,0.0,0.34929223867298287,0.25022266984024777,Feb,428.8195791683124,0.0,0.0,0.0,2.839889568042762,7.759118525734341,25.379282771816346,12.713761303608202,22.204315516160804,3471.7301262538044,1595.5564698621683,452.5959558788206,0.0,0.0,13.606210079351323,Top
7,-6,7.59,2.364430996806185,0.95,1.35,360.85,140.8,34.5,15.929318033507702,0.0,0.0,41.05471894308343,1.3148618129731697,0.0,0.0,0.0,0.34169805727700586,0.0,Feb,427.38620594507006,0.0,0.0,0.0,0.0,7.590422668703065,25.762670721868822,17.011370758349,24.174053182917007,3513.149358750437,1419.4610162518,449.30804257771416,0.0,0.0,13.844818681973411,Top
8,-6,7.61,10.348966212808874,1.62,2.27,489.53,139.13,31.16,16.182901057941944,0.0,0.0,38.771118434417005,1.3537092296184214,0.0,0.0,0.0,0.32043670436378985,0.0,Feb,403.61355855108275,0.0,0.0,0.0,0.0,7.118126582486391,34.949702642306896,29.008863819500405,40.648222759423405,3471.48061280503,1282.0407323595969,456.46069607485805,0.0,0.0,14.253862000754138,Top
9,-6,7.68,2.532526475037821,2.14,3.44,480.33,137.7,34.23,16.10723515548979,0.0,0.0,39.5577082183515,1.4670141948337385,0.0,0.0,0.0,0.3386605086657477,0.27428663615384963,Feb,411.80208430513744,0.0,0.0,0.0,3.113002339732716,7.522947079231128,34.292874124526115,38.320350971438806,61.599068851284805,3435.8001896302203,1408.3521909072206,454.3264365636134,0.0,0.0,15.446905013864578,Top
10,-9,7.65,7.407295343755252,1.17,1.21,377.53,137.59,34.52,19.378251668252474,0.0,0.0,43.51116413425314,1.321336382414045,0.0,0.0,0.0,0.33106694700543376,0.0,Feb,452.95819419376573,0.0,0.0,0.0,0.0,7.35426498890272,26.95352938236701,20.950846091861404,21.667114334318203,3433.055541693697,1420.2838922032506,546.5898984078209,0.0,0.0,13.912992568436866,Top
11,-9,7.7,16.65254664649521,1.43,1.93,500.87000000000006,138.96,34.69,16.453866789696278,0.0,0.0,38.4928091998778,1.285726250489231,0.0,0.0,0.0,0.3265110224900441,0.0,Feb,400.71631480197584,0.0,0.0,0.0,0.0,7.253060454718086,35.75931518487581,25.6065896678306,34.5599426985406,3467.238884175857,1427.278337790578,464.1036524326933,0.0,0.0,13.538036192887871,Top
12,-9,7.71,9.172297865187424,1.19,2.19,402.58,140.05,34.37,16.100077570122696,0.0,0.0,41.352070388406894,1.1788958547147892,0.0,0.0,0.0,0.36296288070993493,0.0,Feb,430.481682161221,0.0,0.0,0.0,0.0,8.062795848455803,28.741959205237492,21.3089802130898,39.21568627450981,3494.43585009232,1414.1123225673728,454.1245471503877,0.0,0.0,12.41316706624088,Top
13,-12,7.74,10.012775256345604,0.64,1.19,372.1,140.49,34.93,16.10723515548979,0.0,0.0,40.75150835598019,1.162709431112601,0.0,0.0,0.0,0.3173996515410621,0.0,Feb,424.2297351236747,0.0,0.0,0.0,0.0,7.050662006376748,26.56585776806814,11.460291879308802,21.3089802130898,3505.4144418384153,1437.152849207982,454.3264365636134,0.0,0.0,12.242732350082246,Top
14,-12,7.78,31.94923516557405,1.19,1.52,565.63,134.99,34.37,16.062244618896617,0.0,0.0,36.33225066858661,1.276014396327918,0.0,0.0,0.0,0.36296288070993493,0.0,Feb,378.22455411812,0.0,0.0,0.0,0.0,8.062795848455803,40.38281679481962,21.3089802130898,27.2181932133584,3368.182045012226,1414.1123225673728,453.05741739476537,0.0,0.0,13.435775363192686,Top
15,-12,7.78,29.259707513867877,0.61,0.97,452.19,138.95,35.21,16.078604814021407,0.0,0.0,40.75150835598019,1.1950822783169772,0.0,0.0,0.0,0.3553679025109626,0.0,Feb,424.2297351236747,0.0,0.0,0.0,0.0,7.894082291377981,32.28383559296622,10.9230906974662,17.369504879577402,3466.9893707270817,1448.6731125282863,453.51887891071016,0.0,0.0,12.583601782399514,Top
16,-15,7.8,37.832576903681286,0.56,0.98,374.34,141.16,35.39,16.090874960365,0.0,0.0,35.81371662107672,1.25982797272573,0.36535555302358863,0.0,0.0,0.35081112807237796,0.0,Feb,372.8265315539946,0.0,4.055900899462573,0.0,0.0,7.792858877143701,26.725781233266932,10.027755394395202,17.5485719401916,3522.131842906332,1456.0789960913391,453.8649750476687,0.0,0.0,13.265340647034053,Top
17,-15,7.81,32.621617078500584,1.46,2.62,610.01,131.27,37.25,15.956925862780782,0.0,0.0,32.64099134732979,1.4411159170702375,0.38703763195536134,0.0,0.0,0.3371417609202184,0.0,Feb,339.7979528141764,0.0,4.296598933785095,0.0,0.0,7.4892098744967095,43.5513004490708,26.143790849673202,46.91556988092041,3275.3630420679674,1532.606459576219,450.0867588858709,0.0,0.0,15.174209468010764,Top
18,-15,7.81,49.851403597243234,0.93,1.25,512.35,133.79,34.81,16.048951960357726,0.0,0.0,37.861486673107294,1.2404042644031041,0.0,0.0,0.0,0.3280296462884408,0.0,Feb,394.1441460868966,0.0,0.0,0.0,0.0,7.28679490611193,36.578922944019645,16.6532366371206,22.383382576775002,3338.240431159239,1432.2155934992802,452.68247991306026,0.0,0.0,13.06081898764369,Top
19,-18,7.64,11.273491343082872,0.98,1.91,448.45,139.59,34.16,16.07962732621671,0.0,0.0,40.25055173380962,2.0756237222760134,0.5760677356871082,0.41085520273559206,0.0,0.0,0.0,Feb,419.0146963752823,6.958458145376195,6.395068113755642,0.0,0.0,0.0,32.016820521607514,17.5485719401916,34.20180857731221,3482.9582314486747,1405.4721250771445,453.54772025545674,0.0,0.0,21.855250341429247,Top
20,-18,7.69,9.172297865187424,0.74,1.84,617.5,139.91,34.5,15.969196009124374,0.0,0.0,34.76785981338729,1.4605396253928633,0.0,0.0,0.0,0.3158811516897981,0.0,Feb,361.93899451787723,0.0,0.0,0.0,0.0,7.016930308323479,44.08604453582928,13.2509624854508,32.9483391530128,3490.9426618094712,1419.4610162518,450.4328550228295,0.0,0.0,15.378731127401126,Top
21,-18,7.72,39.84972264246092,0.86,1.58,2024.7100000000003,134.09,34.18,16.163473326231255,0.0,0.0,6.390571388503013,2.4705724581694053,0.0,0.0,0.0,0.3219552573352536,0.0,Feb,66.52687266815546,0.0,0.0,0.0,0.0,7.151859460542764,144.5529639386865,15.399767212821201,28.292595577043603,3345.725834622486,1406.295001028595,455.9127105246736,0.0,0.0,26.013857415699942,Top
22,-21,7.74,36.99209951252312,1.12,2.14,622.44,131.08,34.52,16.0939424969509,0.0,0.0,30.880319242508083,1.418454924027174,0.0,0.0,0.0,0.3386605086657477,0.0,Feb,321.4690739382478,0.0,0.0,0.0,0.0,7.522947079231128,44.438732892115915,20.055510788790404,38.320350971438806,3270.6222865412446,1420.2838922032506,453.95149908190837,0.0,0.0,14.935600865388674,Mid
23,-21,7.78,9.172297865187426,1.01,2.62,1139.42,126.36,33.17,16.61542371655358,0.0,0.0,7.891976469569776,2.1209457083621404,0.0,0.0,0.0,0.3052521485194803,0.0,Feb,82.1567402620214,0.0,0.0,0.0,0.0,6.780819435312888,81.34821192714915,18.0857731220342,46.91556988092041,3152.851938719497,1364.739765480354,468.66058490264794,0.0,0.0,22.332467546673424,Mid
24,-21,7.84,20.09850395024374,0.91,2.45,1135.97,134.47,33.5,16.39558359456421,0.0,0.0,12.270220164504948,2.114471138921265,0.0,0.0,0.0,0.3553679025109626,0.0,Feb,127.7349590308656,0.0,0.0,0.0,0.0,7.894082291377981,81.10190123298136,16.295102515892204,43.87142985047901,3355.2073456759313,1378.317218679284,462.45969578214005,0.0,0.0,22.264293660209972,Mid
25,-27,7.88,13.374684820978317,0.72,1.92,552.57,141.11,33.58,16.39558359456421,0.0,0.0,37.67399413615456,1.2663025421666052,0.0,0.0,0.0,0.3675200801101171,0.0,Feb,392.1923187190772,0.0,0.0,0.0,0.0,8.164028702714909,39.45040587718735,12.892828364222401,34.3808756379264,3520.884275662458,1381.6087224850853,462.45969578214005,0.0,0.0,13.333514533497508,Mid
26,-27,7.9,19.846360732896283,0.88,2.12,1085.94,138.16,34.0,7.623451471090914,0.0,0.0,14.430778695796143,1.2565906880052924,0.0,0.0,0.0,0.0,0.0,Feb,150.22671971472147,0.0,0.0,0.0,0.0,0.0,77.53003919552786,15.757901334049603,37.96221685021041,3447.277808273866,1398.889117465542,215.02979920150378,0.0,0.0,13.231253703802327,Mid
27,-27,7.91,31.27685325264751,0.96,2.43,1442.61,139.39,33.95,16.754485375114292,0.0,0.0,17.216800612078075,2.321657361029274,0.34677253623843224,0.0,0.0,0.36296288070993493,0.0,Feb,179.22965450841218,0.0,3.8496063081531107,0.0,0.0,8.062795848455803,102.99428130823105,17.1904378189632,43.51329572925061,3477.9679624731766,1396.8319275869162,472.58300778817846,0.0,0.0,24.4458580270405,Mid
28,-33,7.88,128.85627836611195,0.3,0.39,2489.66,149.71,35.73,19.187041887731496,0.0,0.0,1.531878067626477,2.8363856315788576,0.0,0.0,0.0,0.34929223867298287,0.0,Feb,15.94709626927417,0.0,0.0,0.0,0.0,7.759118525734341,177.747792128053,5.372011818426,6.983615363953802,3735.465841608863,1470.0678872659944,541.1965669402165,0.0,0.0,29.86568200088508,Mid
29,-33,7.87,59.85308455202556,0.96,1.22,4727.85,149.13,36.2,19.526515936570885,0.0,0.37951682256424846,0.5372887505100559,7.37505880963242,0.0,31.915233171408033,2.3091207334085238,0.0,0.4326874474987755,Feb,5.593262029044928,540.5330460573138,0.0,31.170636250115063,4.910764357039786,0.0,337.54203345541777,17.1904378189632,21.8461813949324,3720.9940615799187,1489.4054721250773,550.7718933960704,0.0,6.120755336501606,77.65557641176628,Mid
30,-33,7.86,8.079677256681794,1.34,5.76,3245.82,145.47,34.93,18.418112716866368,0.0,0.33039023082379515,0.5358239650651127,2.739267089965728,0.0,22.653054628465934,0.5871148586923549,0.2931057787288252,0.3844295932439691,Feb,5.578013377733839,383.66395617617263,0.0,7.92541655902207,4.363064274701727,6.5110020376485584,231.7333847373043,23.9949861223028,103.14262691377921,3629.6721393283096,1437.152849207982,519.5078756908123,0.0,5.328453570988667,28.84307370393327,Mid
31,-39,7.86,132.30223566986047,0.13,0.35,2286.26,149.05,37.08,19.828157034184198,0.0,0.0,19.189866606416544,2.324894645749711,0.0,0.0,0.0,0.3538489599913678,0.0,Feb,199.7695878244487,0.0,0.0,0.0,0.0,7.860340759965518,163.22617033276933,2.3278717879846003,6.267347121497,3718.99795398972,1525.612013988891,559.280090096302,0.0,0.0,24.47994497027222,Mid
32,-39,7.85,47.582114641116156,1.49,1.94,3988.85,153.33,38.64,20.895659766076744,0.0,0.6988396688771951,0.5197113251707377,0.7643304944762492,0.0,123.24617777568136,24.370491759787512,0.0,12.972565475755996,Feb,5.410278213311864,2087.361590943726,0.0,328.9753207314729,147.23147742317553,0.0,284.7815688206358,26.680992031515803,34.739009759154804,3825.7897100653727,1589.7963382020162,589.3904540116984,0.0,11.270716812335719,8.048007026075737,Mid
33,-39,7.86,7.491343082871069,1.36,6.29,6520.95,161.26,38.13,20.12979813179751,0.0,0.41163805562531414,0.49773954349659,0.786302276150397,0.0,74.63619074350815,7.805598131871924,0.0,4.735546756414638,Feb,5.181548443645534,1264.0774802436854,0.0,105.36714540863828,53.745849011629076,0.0,465.55933945897317,24.353120243531205,112.63318112633182,4023.653874943859,1568.813001440033,567.7882867965337,0.0,6.638798798567761,8.279358587431554,Mid
34,-42,7.89,97.08623298033281,0.59,0.77,2357.7,154.85,36.58,18.39663996076508,0.0,0.0,13.856582801378416,2.3669793471154006,0.41181964657948444,0.0,0.0,0.34169805727700586,0.0,Feb,144.2492484007747,0.0,4.571710108564437,0.0,0.0,7.590422668703065,168.32658656214525,10.564956576237801,13.788163667293402,3863.715754279155,1505.0401152026332,518.9022074511347,0.0,0.0,24.923075232284674,Btm
35,-42,7.89,47.24592368465287,1.12,2.55,3617.19,148.92,35.46,21.201390912471254,0.0,0.0,1.067541081579488,2.9529278815146123,0.0,0.0,0.0,0.3356230308814224,0.0,Feb,11.113273803659045,0.0,0.0,0.0,0.0,7.455473063096662,258.2471245903746,20.055510788790404,45.662100456621005,3715.7542791556457,1458.9590619214155,598.0140160909162,0.0,0.0,31.09281195722725,Btm
36,-42,7.87,1.8601445621112784,1.18,5.39,5308.07,174.65,46.53,22.99794483961225,0.0,0.5420124721672864,0.5079930416111922,4.1733842211195995,0.0,109.52540090106928,11.415221271183658,0.0,2.8353580104975937,Feb,5.288289002823154,1854.9793527042423,0.0,154.09315970820273,32.17975270114169,0.0,378.96649460615276,21.129913152475602,96.51714567105381,4357.752382853436,1914.4209010491668,648.6882588106013,0.0,8.741445791659796,43.94358955558831,Btm
37,-45,7.81,10.853252647503782,2.47,3.14,3017.36,148.66,35.56,20.705472497751057,0.0,0.0,0.4904156162718741,2.460860604008092,0.3498696017090852,0.0,0.0,0.3265110224900441,0.0,Feb,5.10530518709009,0.0,3.8839875855804307,0.0,0.0,7.253060454718086,215.42261917510905,44.22956397170741,56.22705703285881,3709.266929487499,1463.073441678667,584.0259638888404,0.0,0.0,25.911596586004755,Btm
38,-45,7.63,7.575390821986887,5.03,7.44,6771.68,160.1,37.45,22.239240790700112,0.0,0.6157023597779663,0.6617955133302265,5.5686539356282205,0.0,90.38343790684469,14.681856261452236,0.0,4.524375523857968,Feb,6.889397390487471,1530.7810769399887,0.0,198.1892043932537,51.349171760957525,0.0,483.4600584006226,90.07073148894261,133.2258930969648,3994.710314885972,1540.8352190907221,627.2879810086624,0.0,9.929898439929204,58.63506208846263,Btm
39,-45,7.75,5.978483778786351,3.24,6.01,3464.87,165.31,38.55,21.444748814952504,0.0,0.0,0.3263596464382376,1.6612512780599964,0.0,0.0,0.0,0.2991788219702869,0.0,Feb,3.3974562402481534,0.0,0.0,0.0,0.0,6.645907589805782,247.37232895685634,58.01772763900081,107.61930342913422,4124.7068216976895,1586.0933964204896,604.8782561405947,0.0,0.0,17.492121607768198,Btm
40,-48,7.69,1.1877626491847362,3.41,5.93,3394.5,144.73,35.23,19.961083619573117,0.0,0.0,0.5138521833909651,1.1109128755855988,0.0,0.0,0.0,0.29766053459982167,0.0,Feb,5.34928360806751,0.0,0.0,0.0,0.0,6.612180611764925,242.3483047398745,61.06186766944221,106.18676694422061,3611.2081441189675,1449.4959884797365,563.0294649133533,0.0,0.0,11.697341258374614,Btm
41,-48,7.73,4.1294335182383595,2.81,4.75,4881.26,149.47,36.88,21.427366107632416,0.0,0.0,0.3585849262269877,4.053604686463408,0.0,0.0,0.19845632360136953,0.3568868627372906,0.0,Feb,3.7329265690921054,0.0,0.0,2.678946052934254,0.0,7.927824216124809,348.4946489894122,50.31784403259021,85.056853791745,3729.477518838265,1517.3832544743882,604.3879532799034,0.0,0.0,42.68237265601442,Btm
42,-48,7.74,-0.32509665489998346,2.69,5.45,4184.4,161.61,37.18,22.552129522461723,0.0,0.0,0.4025284895752831,2.5935892775460347,0.3591610477055395,0.0,0.0,0.3599248363101463,0.0,Feb,4.190386108424766,0.0,3.9871341885606078,0.0,0.0,7.995309245621573,298.74274454368265,48.169039305219805,97.59154803473902,4032.386845650981,1529.7263937461428,636.1134325011063,0.0,0.0,27.309161258505554,Btm
43,-51,7.75,3.036812909732727,4.95,9.53,6019.64,156.87,34.98,20.596063692854027,0.0,0.4135275399230239,0.5651196739639763,3.8949777351619637,0.0,27.062282235691974,0.9525829890898252,0.381192634474258,0.24678583378958266,Feb,5.882986403955615,458.34093617796856,0.0,12.85884164538101,2.8008833706682856,8.467748505548082,429.7686107362905,88.63819500402901,170.65090876533262,3914.117470931683,1439.2100390866076,580.9399400009597,0.0,6.669271943395182,41.012112437659795,Btm
44,-51,7.75,2.952765170616909,2.79,4.95,3803.34,161.25,37.27,21.4529289125149,0.0,0.2264685944497593,0.3366131445528399,4.073028394786034,0.0,18.082576482957318,0.5084287740000932,0.3022154498314171,0.26397219759967466,Feb,3.5041967994257743,306.2559528988097,0.0,6.8632393898500705,2.9959391397080317,6.713362725890599,271.53719291481934,49.959709911361806,88.63819500402901,4023.404361495084,1533.4293355276693,605.1089868985671,0.0,3.652430605480524,42.88689431540478,Btm
45,-51,7.76,-0.8293830895948903,3.0,4.87,3218.69,156.38,40.31,20.846579180702374,0.0,0.0,0.7716544217009652,2.5191317289759696,0.0,0.0,0.0,0.31436266954526726,0.0,Feb,8.033046238819127,0.0,0.0,0.0,0.0,6.983199003604576,229.79645455389206,53.72011818426001,87.2056585191154,3901.8913119417134,1658.5064801481178,588.006069463864,0.0,0.0,26.52516156417584,Btm
46,-54,7.7,2.1122877794587316,1.94,5.84,3465.14,147.74,36.05,20.383381156231756,0.0,0.0,0.5739083866336354,2.988538013439426,0.0,0.0,0.0,0.3052521485194803,0.0,Feb,5.974478311822146,0.0,0.0,0.0,0.0,6.780819435312888,247.39160544596513,34.739009759154804,104.57516339869281,3686.3116922002096,1483.2339024891996,574.9409402936777,0.0,0.0,31.467768332776245,Btm
47,-54,7.69,2.112287779458731,1.96,5.74,3854.29,157.1,37.54,21.241268888087927,0.0,0.30582693495356855,0.48748604538198775,4.503587262604238,0.0,19.729296693599764,0.6356253446548932,0.3098073293520743,0.26397219759967466,Feb,5.074807884467914,334.145665835644,0.0,8.580255732382467,2.9959391397080317,6.882007449454079,275.1747378040509,35.0971438803832,102.78449279255082,3919.8562802535052,1544.5381608722487,599.1388285360315,0.0,4.932302688232197,47.42045776522446,Btm
48,-54,7.7,0.9356194318372827,1.55,3.79,3373.12,157.11,36.81,21.057216692934045,0.0,0.0,0.46551426370784,1.8943357779315062,0.0,0.0,0.0,0.32954828779357065,0.0,Feb,4.846078114801583,0.0,0.0,0.0,0.0,7.320529750840141,240.82189238007524,27.755394395201,67.86641597278181,3920.1057937022806,1514.5031886443119,593.947386481653,0.0,0.0,19.946381520452537,Btm
49,-24,7.75,4.801815431164901,1.65,2.71,494.67,135.83,34.18,15.9282955213124,0.0,0.0,38.845822492109114,1.2695398268870428,0.0,0.0,0.0,0.31132575837640536,0.0,Feb,404.39123976794826,0.0,0.0,0.0,0.0,6.915737574169876,35.31666987941485,29.546065001343003,48.5271734264482,3389.1411747093166,1406.295001028595,449.2792012329675,0.0,0.0,13.367601476729234,Mid
50,-24,7.79,4.5496722138174475,2.18,4.08,819.69,128.82,37.85,16.229936618925713,0.0,0.0,27.846748586030753,1.5252853198016159,0.0,0.0,0.0,0.33106694700543376,0.0,Feb,289.889117072983,0.0,0.0,0.0,0.0,7.35426498890272,58.52127910214398,39.036619213895605,73.0593607305936,3214.232247118119,1557.2927381197285,457.7873979331992,0.0,0.0,16.060469992035664,Mid
51,-24,7.81,9.256345604303242,1.75,3.66,1997.79,134.97,32.89,16.783115716582675,0.0,0.0,1.1817943462850562,1.648302139178246,0.0,0.0,0.0,0.34929223867298287,0.0,Feb,12.302668605923966,0.0,0.0,0.0,0.0,7.759118525734341,142.63102658013665,31.336735607485004,65.5385441847972,3367.683018114676,1353.2195021600494,473.39056544108183,0.0,0.0,17.355773834841287,Mid
52,-30,7.82,70.10690872415532,0.71,1.38,874.92,142.78,34.95,16.47942959457876,0.0,0.0,15.889704998959552,1.6288784308556203,0.0,0.0,0.0,0.3173996515410621,0.0,Feb,165.41437642056582,0.0,0.0,0.0,0.0,7.050662006376748,62.46439204095183,12.713761303608202,24.7112543647596,3562.553021607864,1437.9757251594324,464.824686051357,0.0,0.0,17.151252175450928,Mid
53,-30,7.8,68.93024037653386,0.87,0.64,2406.47,142.23,35.16,18.2013401314629,0.0,0.0,1.6724974703410225,2.674521395556976,0.0,0.0,0.0,0.3006971270474854,0.0,Feb,17.410966795138688,0.0,0.0,0.0,0.0,6.679634961181008,171.80849165042443,15.578834273435403,11.460291879308802,3548.8297819252452,1446.6159226496604,513.393510604544,0.0,0.0,28.161334839298735,Mid
54,-30,7.81,16.400403429147755,2.35,4.39,2489.24,136.15,33.46,17.181895472749428,0.0,0.0,4.342801336472444,2.4284877568037158,0.0,0.0,0.0,0.0,0.0,Feb,45.20925813525343,0.0,0.0,0.0,0.0,0.0,177.7178064783282,42.080759244337,78.6104396096338,3397.125605070113,1376.6714667763836,484.6386898922355,0.0,0.0,25.570727153687486,Mid
55,-36,7.58,108.8529164565473,0.3,0.42,2375.43,179.05,35.98,19.16045657065371,0.0,0.0,13.910779862841313,2.541792722019033,0.0,0.0,0.0,0.34169805727700586,0.0,Feb,144.81344849928496,0.0,0.0,0.0,0.0,7.590422668703065,169.59240934695538,5.372011818426,7.520816545796401,4467.538300314387,1480.3538366591235,540.4466919768062,0.0,0.0,26.76377016679793,Mid
56,-36,7.55,74.16338880484115,0.13,0.19,3254.7,152.97,36.16,19.51731332681319,0.0,0.0,4.361843547256705,3.3834867493328176,0.0,0.0,0.0,0.0,0.0,Feb,45.40749060229758,0.0,0.0,0.0,0.0,0.0,232.36736704577092,2.3278717879846003,3.4022741516698,3816.807225909476,1487.7597202221764,550.5123212933515,0.0,0.0,35.626375407046936,Mid
57,-36,7.47,9.256345604303243,2.49,4.55,4816.26,152.18,36.18,20.536757985526663,0.0,0.5703547366329325,1.2330618368580677,5.792026581338416,0.0,58.38211583973918,6.473402795501379,0.0,1.2001422978400267,Feb,12.836371401812073,988.7899844139824,0.0,87.38394702350672,13.62095446419279,0.0,343.8540127224828,44.58769809293581,81.47551257946101,3797.0956634562604,1488.5825961736268,579.2671420056598,0.0,9.198542964071105,60.987061171451785,Mid
58,3,7.57,-2.7624810892586997,0.13,0.37,468.19,126.33,33.22,16.01214152132695,0.0,0.0,35.047633833371435,0.0,0.0,0.0,0.0,0.31436266954526726,0.0,Feb,364.85148691829517,0.0,0.0,0.0,0.0,6.983199003604576,33.42614605867192,2.3278717879846003,6.6254812427254,3152.1033983731722,1366.7969553589796,451.6441915021845,0.0,0.0,0.0,Top
1,0,7.26,-3.6079937415546546,0.16,0.47,158.13,41.55,15.88,8.202193373630358,0.0,0.17545251841159626,6.806570454866877,1.0526417506177215,0.0,0.826771812355155,0.17749138890377497,0.3265110224900441,0.30180141328142174,May,70.85748964050465,14.002638919367843,0.0,2.3959420748349753,3.4252799146682755,7.253060454718086,11.289597121377625,2.8650729698272004,8.4161518488674,1036.7283796596637,653.3635054515532,231.35400032805,0.0,2.8296556951401626,11.083776280203528,Top
2,0,7.45,-1.1425455752317288,0.49,1.01,331.31,50.91,16.27,8.514059593196666,0.0,0.2302475630451788,7.3954142037340365,0.0,0.0,0.8679603490400207,0.0,0.0,0.0,May,76.98744746756232,14.700229473613252,0.0,0.0,0.0,0.0,23.653680024559673,8.7742859700958,18.0857731220342,1270.2729677129596,669.4095865048344,240.15061047574721,0.0,3.713376895135365,0.0,Top
3,0,7.4,-3.607993741554655,0.22,0.53,169.73,48.99,15.76,8.741057300553127,0.0,0.17167354981617677,7.054119195062275,0.0,0.0,0.7921205649298532,0.0,0.0,0.0,May,73.43451171207865,13.415767307937355,0.0,0.0,0.0,0.0,12.117772209014257,3.9394753335124006,9.490554212552603,1222.366385548181,648.4262497428513,246.5533890094809,0.0,2.7687094054853207,0.0,Top
4,-3,7.55,-0.9528957162838113,2.17,3.42,413.39,44.4,15.4,8.236958788270536,0.0,0.0,2.3404396332351136,1.25982797272573,0.0,1.3546444129921407,0.0,0.0,0.30868229112008116,May,24.364351792995144,22.942964788837827,0.0,0.0,3.5033740905695283,0.0,29.513732713629903,38.857552153281404,61.24093473005641,1107.8397125605068,633.6144826167456,232.33460604943267,0.0,0.0,13.265340647034053,Top
5,-3,7.68,0.7539530142474448,3.06,5.18,1127.1,73.49,19.6,10.011017447114945,0.0,0.0,0.5768379575235218,1.428166778188487,0.3715502247313013,1.5770480642089928,0.0,0.3037337903220821,0.27428663615384963,May,6.004975614444325,26.709709101839184,4.124669457496684,0.0,3.113002339732716,6.74709088393456,80.46863286855576,54.79452054794521,92.75673739815561,1833.6743350466586,806.4184324213126,282.37433918469367,0.0,0.0,15.037861695083857,Top
6,-3,7.75,6.443448782684968,1.61,2.36,742.7,71.89,20.63,10.027377642239733,0.0,0.16978406551846703,2.0006094100082956,1.3019126740914193,0.0,1.438176384919694,0.0,0.3082889180344764,0.260534488126303,May,20.826664688822564,24.357705862063785,0.0,0.0,2.9569230294666093,6.848277718072647,53.02462392997637,28.829796758886204,42.259826304951204,1793.7521832426767,848.796543921004,282.83580070063834,0.0,2.7382362606579,13.708470909046506,Top
7,-6,7.72,-0.2891212099661005,2.44,4.14,677.68,56.42,16.36,8.379087983417149,0.0,0.0,1.997679839118409,1.3116245282527321,0.0,1.2012265151961787,0.0,0.3098073293520743,0.25709699700860794,May,20.796167386200384,20.344599200531448,0.0,0.0,2.917909397441924,6.882007449454079,48.38255977496483,43.6923627898648,74.1337630942788,1407.7548779879235,673.1125282863608,236.34355296920285,0.0,0.0,13.810731738741685,Top
8,-6,7.72,-0.0994713510181836,3.27,5.58,1701.86,66.36,16.12,9.295258910405384,0.0,0.0,0.5929505974178968,1.4119803545862988,0.0,1.3963885867565151,0.0,0.344735676715197,0.28804227787222253,May,6.1727107788663,23.649965902657595,0.0,0.0,3.2691213014666047,7.657899831512473,121.50328057286869,58.55492882084341,99.91941982272361,1655.771246070163,663.238016868957,262.18539786210994,0.0,0.0,14.867426978925222,Top
9,-6,7.69,-0.19429628049214176,3.5,6.23,2597.53,78.32,18.45,10.686898008207827,0.0,0.0,0.44940162381346493,1.2986753893709815,0.0,1.3173313408041663,0.0,0.3401792741180102,0.27772521904992786,May,4.678342950379606,22.311011123978155,0.0,0.0,3.1520283628410835,7.556684677299913,185.4491064990326,62.67347121497001,111.55877876264663,1954.18933080493,759.1030652129191,301.4384680621619,0.0,0.0,13.674383965814776,Top
10,-9,7.85,1.2280776616172389,2.25,6.01,2570.12,64.04,17.28,9.977274544670065,0.0,0.1641156126253378,0.9913722384424425,1.9558441876198212,0.0,1.3261077452778771,0.0,0.35233003517850625,0.270848271613448,May,10.320343935482432,22.459652890689608,0.0,0.0,3.0739787948410853,7.826599621887425,183.49218588247052,40.29008863819501,107.61930342913422,1597.884125954389,710.9648220530755,281.42257480805756,0.0,2.6468168261756375,20.59403344185535,Top
11,-9,7.82,0.18500343740369285,2.98,8.22,4289.31,97.92,20.59,11.93640791086366,0.0,0.1678945812207573,0.49920432894153316,1.4508277712315503,0.0,1.4007852480180696,0.0,0.3173996515410621,0.28804227787222253,May,5.196797094956623,23.724430052470527,0.0,0.0,3.2691213014666047,7.050662006376748,306.2327314785067,53.361984063031606,147.19312382487243,2443.2356904037124,847.1507920181033,336.68259134244374,0.0,2.7077631158304794,15.276470297705943,Top
12,-9,7.8,2.271151885830784,1.78,4.62,3081.7,99.85,23.16,12.078537106010272,0.0,0.1678945812207573,0.4347537693640331,1.5188107503607406,0.0,1.5836729647957952,0.0,0.3082889180344764,0.25365972424658956,May,4.525856437268718,26.821911875817953,0.0,0.0,2.878898243633975,6.848277718072647,220.01613513532808,31.8739367893276,82.72898200376042,2491.391786017266,952.8903517794693,340.69153826221395,0.0,2.7077631158304794,15.99229610557221,Top
13,-12,7.76,-0.6684209278619356,2.31,7.24,3305.02,98.06,21.76,11.451737130291756,0.0,0.17356303411388652,0.6237110917617037,2.0982847153190773,0.0,1.7252632651564597,0.0,0.3280296462884408,0.2846030399091143,May,6.492932456399164,29.219959100949456,0.0,0.0,3.2300878437080276,7.28679490611193,235.95993346041536,41.36449100188021,129.64455188468082,2446.728878686561,895.289035177947,323.0117939325799,0.0,2.7991825503127417,22.093858944051338,Top
14,-12,7.82,2.5556266742526597,2.69,8.55,5571.61,98.52,24.95,0.0,0.0,0.0,0.29852872298431715,1.0332180422950956,0.0,0.0,0.0,0.2870330187950952,0.0,May,3.1077318653374677,0.0,0.0,0.0,0.0,6.3761027788412195,397.78177586440773,48.169039305219805,153.10233682514104,2458.206497330206,1026.5377494342727,0.0,0.0,0.0,10.879254620813166,Top
15,-12,7.87,0.5643031552995279,2.89,10.26,4507.48,100.47,25.52,13.943599350236322,0.0,0.0,0.6090632373122719,1.3342855212957956,0.0,4.817756016867262,0.0,0.36296288070993493,0.25709699700860794,May,6.340445943288277,81.59603036493569,0.0,0.0,2.917909397441924,8.062795848455803,321.80884862244494,51.75038051750381,183.72280419016923,2506.861619841309,1049.9897140506068,393.29815107991766,0.0,0.0,14.049340341363774,Top
16,-15,7.89,3.598700898466207,2.79,10.68,5581.08,119.06,25.36,13.92723915511153,0.0,0.1641156126253378,0.4743029763774991,1.9267086251358825,0.0,5.332006138654241,0.1296198819748826,0.35233003517850625,0.29148173419100737,May,4.9375700226681145,90.30563882281419,0.0,1.7497284283866443,3.3081572374419177,7.826599621887425,398.4578808712973,49.959709911361806,191.24362073596564,2970.7071211138277,1043.4067064390042,392.83668956397287,0.0,2.6468168261756375,20.287250952769806,Top
17,-15,7.87,-1.0477206457577706,1.48,1.43,5938.31,127.48,27.95,14.684920691828365,0.0,0.17167354981617677,0.5328943941752264,2.256911666620521,0.0,2.07469841915713,0.12663014606558753,0.3766349569922786,0.3706494956898121,May,5.547516075111664,35.1381752448535,0.0,1.7093702222676503,4.206667752693361,8.366505031261047,423.96210385030025,26.5019249709016,25.6065896678306,3180.7974449822846,1149.9691421518205,414.208126021165,0.0,2.7687094054853207,23.764119162405958,Top
18,-15,7.93,9.335609131640707,1.74,4.47,3626.0,132.43,30.07,14.616412374743309,0.0,0.16600509692304755,0.5592605321842037,1.878149354329318,0.0,2.598777407359184,0.1326098806222672,0.32043670436378985,0.3052417430229131,May,5.82199179871126,44.01425051417898,0.0,1.7900901811861123,3.4643257635105336,7.118126582486391,258.8761092905538,31.157668546870806,80.0429760945474,3304.3066021258546,1237.1939930055544,412.27575592314633,0.0,2.6772899710030584,19.775946804293902,Top
19,-18,7.83,2.840101462674536,1.82,11.1,5424.35,129.19,27.52,14.331131472254784,0.0,0.16600509692304755,0.6603307278852832,2.1662676944482673,0.0,2.366293959558417,0.12663014606558753,0.35840584067035186,0.30180141328142174,May,6.874148739176381,40.07678950542675,0.0,1.7093702222676503,3.4252799146682755,7.961566534206007,387.2682359156689,32.59020503178441,198.764437281762,3223.46424472279,1132.2773091956387,404.2290207388594,0.0,2.6772899710030584,22.8096847519176,Top
20,-18,7.97,1.702202308987032,1.56,7.67,7271.29,126.64,29.79,15.040754935792545,0.0,0.1678945812207573,0.5285000378403968,3.6165712492043274,0.0,2.296574204480081,0.12663014606558753,0.344735676715197,0.36031671525879916,May,5.501770121178397,38.89597934557416,0.0,1.7093702222676503,4.089396382462821,7.657899831512473,519.129416636324,27.934461455815207,137.34443549109142,3159.838315285194,1225.67372968525,424.24491399296375,0.0,2.7077631158304794,38.08063531973128,Top
21,-18,7.75,1.9392646326719285,1.5,7.64,6243.53,135.94,30.55,17.033631204431018,0.0,0.16978406551846703,0.42889462758426045,4.170146936399162,0.0,2.3775499572341436,0.1475638149305325,0.3219552573352536,0.0,May,4.464861832024364,40.26742695674656,0.0,1.9919521453905575,0.0,7.151859460542764,445.7531038717185,26.860059092130005,136.80723430924883,3391.88582264584,1256.943015840362,480.45669490398603,0.0,2.7382362606579,43.909502612356576,Top
22,-21,7.81,2.460801744778702,1.46,9.76,5583.52,120.45,30.5,15.500885423677264,0.0,0.0,0.5519366049594877,2.6842332497182886,0.0,2.0590550651470174,0.0,0.381192634474258,0.2949214088654688,May,5.745748542155816,34.873231236823685,0.0,0.0,3.3471956516339665,8.467748505548082,398.6320832173175,26.143790849673202,174.7694511594592,3005.3894904935373,1254.8858259617364,437.2235191289104,0.0,0.0,28.26359566899391,Mid
23,-21,7.85,5.779674276367257,1.33,8.37,8456.44,118.56,31.55,16.54384786288262,0.0,0.17356303411388652,0.6149223790920446,3.441757874300695,0.0,6.460865846483924,0.45103972495054473,0.3644819294699291,0.29836130189560695,May,6.401440548532632,109.42459600440222,0.0,6.088549202896123,3.3862365440427524,8.096539739874471,603.7424946632683,23.815919061688604,149.8791297340854,2958.2314486750834,1298.086813412878,466.6416907703895,0.0,2.7991825503127417,36.23994038521802,Mid
24,-21,7.94,1.5125524500391148,0.76,4.52,4005.15,142.58,31.29,15.816841692024768,0.0,0.1641156126253378,0.56219010307409,2.172742263889143,0.0,2.101529373586118,0.0,0.3751157665784186,0.3396570500000426,May,5.852489101333437,35.59259829256348,0.0,0.0,3.8549205538536215,8.332757993167439,285.94529760757354,13.6090966066792,80.93831139761839,3557.562752632367,1287.3894260440238,446.13549465559385,0.0,2.6468168261756375,22.877858638381056,Mid
25,-24,7.93,5.779674276367256,1.69,4.22,5098.1,140.66,30.83,16.12257283841928,0.0,0.1678945812207573,0.5783027429684651,2.6486231177934747,0.0,2.231457631709163,0.0,0.4100616259007057,0.27428663615384963,May,6.020224265755414,37.79313108375386,0.0,0.0,3.113002339732716,9.10903938291547,363.9758115758887,30.2623332437998,75.5662995791924,3509.656170467588,1268.4632791606664,454.7590567348117,0.0,2.7077631158304794,27.888639293444918,Mid
26,-24,7.86,4.072825545835999,1.3,7.95,5309.18,144.8,32.4,16.50908244824244,0.0,0.0,0.4142467731348286,2.567690999782534,0.0,2.2786008611619133,0.12065146246126585,0.3401792741180102,0.267410125428723,May,4.312375318913476,38.59157342256476,0.0,1.6286644500710832,3.03495772816619,7.556684677299913,379.0457423947111,23.278717879846003,142.358313188289,3612.9547382603923,1333.0590413495165,465.6610850490069,0.0,0.0,27.036465712651744,Mid
27,-24,7.93,12.038119621648532,1.59,11.36,6926.68,144.5,31.5,16.96921293612716,0.0,0.0,0.4772325472673854,2.671284110836538,0.0,4.3326268055857895,0.44198696651020086,0.344735676715197,0.0,May,4.968067325290292,73.37962884604346,0.0,5.9663467401484995,0.0,7.657899831512473,494.52619103714653,28.471662637657804,203.42018085773122,3605.469334797145,1296.0296235342523,478.63969018495357,0.0,0.0,28.127247896067008,Mid
28,-27,8.27,18.296564966929804,0.92,5.24,4646.22,128.28,31.66,17.257561375201583,0.0,0.16978406551846703,0.5753731720785786,3.4741307215050714,0.0,2.773413156441843,0.12364067289438196,0.3356230308814224,0.30180141328142174,May,5.9897269631332355,46.97197270580996,0.0,1.66901556282913,3.4252799146682755,7.455473063096662,331.71410824819554,16.4741695765064,93.83113976184082,3200.758520884275,1302.6126311458547,486.77294940348014,0.0,2.7382362606579,36.5808098175353,Mid
29,-27,8.1,25.21878481852879,1.34,9.55,10274.58,142.03,33.66,16.812768570246355,0.0,0.17167354981617677,0.5446126777347717,3.907926874043714,0.0,28.82633504300884,9.740223445480986,0.3128442051074697,0.4051062902455038,May,5.669505285600372,488.2178552098239,0.0,131.48249791416018,4.597733404216364,6.949468092220043,733.5475165456531,23.9949861223028,171.00904288656105,3543.8395129497476,1384.9002262908864,474.22696443873167,0.0,2.7687094054853207,41.148460210586705,Mid
30,-27,8.17,12.701894127966241,0.8,3.88,3219.22,143.47,33.3,17.639980936243546,0.0,0.17545251841159626,0.7848374907054537,2.302233652706648,0.0,2.112714073767954,0.0,0.3538489599913678,0.260534488126303,May,8.170284100618924,35.78202821231546,0.0,0.0,2.9569230294666093,7.860340759965518,229.83429358806853,14.325364849136003,69.47801951830961,3579.7694495733317,1370.088459164781,497.55961233868913,0.0,2.8296556951401626,24.241336367650135,Mid
31,-30,7.93,9.003721878481853,1.18,7.72,4623.88,140.21,32.95,18.111359058276555,0.0,0.1678945812207573,0.5592605321842037,3.483842575666384,0.0,2.1060028911292226,0.0,0.370558301577238,0.25365972424658956,May,5.82199179871126,35.66836412047325,0.0,0.0,2.878898243633975,8.231519238892819,330.1191572604539,21.129913152475602,138.2397707941624,3498.428065272718,1355.6881300144003,510.8554722668478,0.0,2.7077631158304794,36.683070647230466,Mid
32,-30,8.07,11.943294692174574,0.71,2.59,382.16,143.58,33.69,18.13589935096374,0.0,0.18301045560243523,0.8097388432694879,2.9755888745576757,0.0,2.8871966707002055,0.12364067289438196,0.3128442051074697,0.3534292867498404,May,8.429511172907432,48.89906968871021,0.0,1.66901556282913,4.011227860059476,6.949468092220043,27.284085473380596,12.713761303608202,46.378368699077804,3582.514097509856,1386.134540218062,511.54766454076497,0.0,2.951548274449846,31.331420559849338,Mid
33,-30,8.09,47.50264324490908,0.98,2.99,6785.0,147.4,36.67,20.77091327825022,0.0,0.18489993990014497,0.5900210265280106,5.927992539596798,0.0,30.13184255455318,10.07414602599624,0.38878911774555486,0.42923903859724827,May,6.142213476244125,510.3286117904137,0.0,135.99009214357775,4.8716268141782795,8.636495496047155,484.41103186332253,17.5485719401916,53.54105112364581,3677.8282349418632,1508.7430569841597,585.8718099526194,0.0,2.9820214192772663,62.41871278718433,Mid
34,-33,8.16,13.934618211127706,1.18,7.19,8557.13,139.97,34.39,20.10219030252443,0.0,0.17923148700701574,0.4347537693640331,4.5424346792494905,0.0,33.20567352782358,12.962843484025708,0.3341043185493596,0.6261468416442222,May,4.525856437268718,562.3886174348551,0.0,174.98438828328437,7.106421991195349,7.421736645030979,610.9311972127624,21.129913152475602,128.74921658160983,3492.4397425021207,1414.9351985188234,567.009570488377,0.0,2.8906019847950044,47.82950108400519,Mid
35,-33,8.08,3.8831756868880816,1.08,6.24,6342.48,137.52,33.98,19.253505180425954,0.0,0.1678945812207573,0.6119928082021582,3.590672971440826,0.0,1.8606772349257832,0.0,0.37815416511287187,0.25365972424658956,May,6.370943245910454,31.513400767661118,0.0,0.0,2.878898243633975,8.400252462689025,452.8175801580672,19.339242546333605,111.73784582326083,3431.308947552273,1398.0662415140916,543.0712543487421,0.0,2.7077631158304794,37.80793977387746,Mid
36,-33,8.09,32.330654529075694,1.2,6.14,6208.62,150.84,34.3,18.120561668034252,0.0,0.17167354981617677,0.5270352523954536,4.0633165406247205,0.0,6.129742435214988,1.0537500072560535,0.34321685814273484,0.0,May,5.4865214698673075,103.81651709259177,0.0,14.224487138985603,0.0,7.624161053440585,443.2607252243569,21.488047273704,109.9471752171188,3763.660861320425,1411.232256737297,511.11504436956676,0.0,2.7687094054853207,42.78463348570959,Mid
37,-36,7.89,4.262475404783917,0.93,3.4,4336.0,154.24,35.26,20.860894351436563,0.0,0.0,0.6207815208718173,3.4547070131824453,0.0,1.7829257112336612,0.0,0.37815416511287187,0.260534488126303,May,6.462435153776986,30.19656038265804,0.0,0.0,2.9569230294666093,8.400252462689025,309.56613620624415,16.6532366371206,60.882800608828006,3848.4954339038873,1450.730302406912,588.4098482903157,0.0,0.0,36.37628815814493,Mid
38,-36,7.84,31.240167840125167,0.95,2.22,4650.77,144.23,34.98,20.095032717157334,0.0,0.16600509692304755,0.6632602987751697,4.817603880486689,0.0,2.6486002255264744,0.18048559136059145,0.4146204720270782,0.0,May,6.90464604179856,44.85807576597918,0.0,2.4363605745220225,0.0,9.21030881727077,332.0389527868806,17.011370758349,39.75288745635241,3598.7324716802227,1439.2100390866076,566.8076810751511,0.0,2.6772899710030584,50.726891258701976,Mid
39,-36,8.06,23.701585946945453,1.03,3.24,3629.94,146.19,34.45,19.28827059506613,0.0,0.16978406551846703,0.6969503640088628,3.0306227148051152,0.0,2.998997619879218,0.17749138890377497,0.36296288070993493,0.0,May,7.255365021953599,50.792588914694434,0.0,2.3959420748349753,0.0,8.062795848455803,259.15740324273384,18.443907243262604,58.01772763900081,3647.6371076401015,1417.4038263731743,544.0518600701246,0.0,2.7382362606579,31.910898594788698,Mid
40,-39,7.91,10.331270891117274,0.86,2.74,3277.85,128.64,34.37,17.883338838724796,0.0,0.0,0.7555417818065902,2.7813517913314176,0.0,2.0166243811067206,0.0,0.3766349569922786,0.0,May,7.86531107439715,34.15460302667029,0.0,0.0,0.0,8.366505031261047,234.02014750083887,15.399767212821201,49.064374608290805,3209.7410050401713,1414.1123225673728,504.4238523883675,0.0,0.0,29.286203965945724,Mid
41,-39,7.91,2.0815020268828675,1.14,5.18,8482.84,137.02,38.09,21.115499888066108,0.0,0.17545251841159626,0.6632602987751697,4.270502762732729,0.0,19.641085774968708,7.211321945333468,0.33258562392403007,0.29148173419100737,May,6.90464604179856,332.651679679031,0.0,97.34505865730924,3.3081572374419177,7.388000620299666,605.6273069316827,20.413644910018803,92.75673739815561,3418.8332751135285,1567.1672495371324,595.5913431322061,0.0,2.8296556951401626,44.96619785254012,Mid
42,-39,7.92,3.598700898466206,1.03,4.21,4196.14,145.9,35.38,20.031636961048775,0.0,0.0,0.7101334330133515,3.9726725684524666,0.0,2.2112697043484753,0.12065146246126585,0.36600099593665647,0.0,May,7.3926028837533995,37.4512178095738,0.0,1.6286644500710832,0.0,8.130284024627507,299.58091484789423,18.443907243262604,75.3872325185782,3640.4012176256297,1455.6675581156142,565.0195177008652,0.0,0.0,41.83019907522124,Mid
43,-42,7.82,11.042457862171966,1.34,5.54,5392.34,163.98,34.82,18.944706497445544,0.0,0.0,0.7408939273571583,4.963281692906382,0.0,8.020008475219235,1.6605171500234979,0.3022154498314171,0.0,May,7.712824561286261,135.8310493059284,0.0,22.415188310252404,0.0,6.713362725890599,384.98290104021646,23.9949861223028,99.2031515802668,4091.521533010629,1432.6270314750052,534.3611682352846,0.0,0.0,52.260803704129685,Btm
44,-42,8.02,0.3746532963516107,1.06,4.81,5098.21,164.27,34.71,18.6849883998395,0.0,0.17167354981617677,0.7614009235863629,3.2604699299561872,0.0,17.803234128537593,8.410759859385106,0.34321685814273484,0.3155640423814472,May,7.926305679641504,301.5248649911523,0.0,113.53617520768232,3.581478179337728,7.624161053440585,363.9836649603404,18.981108425105205,86.1312561554302,4098.757423025101,1428.1012137420284,527.0354666696612,0.0,2.7687094054853207,34.33107156424131,Btm
45,-42,8.02,25.313609748002747,0.74,1.75,4559.95,168.26,36.97,19.879282643949168,0.0,0.0,0.9342456060896585,4.879112290175004,0.0,11.705530778425636,1.810651779239022,0.37207743887089834,0.25365972424658956,May,9.725646534349973,198.25097856557207,0.0,24.441843672233016,2.878898243633975,8.265265096983326,325.5549130059186,13.2509624854508,31.336735607485004,4198.313289086281,1521.0861962559143,560.7221573336295,0.0,0.0,51.37454318010479,Btm
46,-45,7.75,17.063840883768343,0.83,2.92,5083.82,174.79,36.8,20.48869991234759,0.0,0.17167354981617677,1.2696814729816472,4.963281692906382,0.0,11.960450720107495,2.5033225671882997,0.2991788219702869,0.26397219759967466,May,13.21758768458929,202.56843574465645,0.0,33.79215128493925,2.9959391397080317,6.645907589805782,362.9562994852463,14.8625660309786,52.287581699346404,4361.245571136284,1514.0917506685867,577.9115988025721,0.0,2.7687094054853207,52.260803704129685,Btm
47,-45,7.8,20.477538344830855,1.36,3.29,3478.93,154.82,33.77,19.723860790263664,0.0,0.0,0.6207815208718173,2.496470735932906,0.0,2.4902760934051416,0.0,0.370558301577238,0.0,May,6.462435153776986,42.17661563249681,0.0,0.0,0.0,8.231519238892819,248.37613427859523,24.353120243531205,58.913062942071804,3862.9672139328304,1389.4260440238636,556.3382729321542,0.0,0.0,26.286552961553753,Btm
48,-45,7.82,17.1586658132423,1.26,3.04,2938.82,165.89,34.28,18.850635375478,0.0,0.177342002709306,0.4889508308269309,2.816961923256232,0.0,2.494791422698901,0.0,0.3341043185493596,0.0,May,5.090056535779002,42.25308960603789,0.0,0.0,0.0,7.421736645030979,209.8153026765762,22.562449637389204,54.4363864267168,4139.178601726632,1410.4093807858467,531.7077645186021,0.0,2.8601288399675835,29.661160341494725,Btm
49,-48,7.81,17.585377995875113,3.39,1.69,5818.4,140.06,33.41,21.52961732716235,0.0,0.177342002709306,0.4010637041303399,2.7068942427613525,0.3963305754587882,6.1811058720900265,0.7785138809113429,0.3128442051074697,0.0,May,4.175137457113678,104.68643506689972,4.399762160954576,10.509096664569965,0.0,6.949468092220043,415.401200853877,60.70373354821381,30.2623332437998,3494.6853635410944,1374.6142768977577,607.2720877545581,0.0,2.8601288399675835,28.50220427161601,Btm
50,-48,7.84,9.477846525851646,0.71,1.69,4900.66,161.74,35.29,21.16049042465928,0.0,0.17923148700701574,0.8404993376132947,5.248162748304894,0.0,2.5241528453213085,0.0,0.3644819294699291,0.25709699700860794,May,8.749732850440294,42.7503699837631,0.0,0.0,2.917909397441924,8.096539739874471,349.87970042908034,12.713761303608202,30.2623332437998,4035.6305204850546,1451.9646163340876,596.8603623010544,0.0,2.8906019847950044,55.26045470852166,Btm
51,-48,7.93,39.632174098570516,1.74,6.84,8224.13,177.61,37.04,21.83739349794746,0.0,0.17545251841159626,0.7394291419122151,8.731481107495789,0.0,42.613692748681366,21.727780080786275,0.7767967427882658,0.5535193231285132,May,7.697575909975172,721.7277411537391,0.0,293.3015669652575,6.282139633736388,17.255631045788608,587.1568606452626,31.157668546870806,122.48186946011282,4431.608363690802,1523.9662620859906,615.953332523269,0.0,2.8296556951401626,91.93800562585989,Btm
52,-51,8.11,9.19337173742977,0.95,3.69,4961.38,154.04,36.0,19.914048058589348,0.0,0.0,1.9859615555588634,4.163672366958288,0.0,3.239548099758399,0.1655172064574041,0.0,0.0,May,20.674178175711674,54.866677389038664,0.0,2.234303542891524,0.0,0.0,354.21476864643347,17.011370758349,66.07574536663981,3843.505164928389,1481.176712610574,561.7027630550122,0.0,0.0,43.841328725893135,Btm
53,-51,7.85,64.66595547969561,2.02,7.39,7926.76,175.76,36.67,21.870113888197043,0.0,0.1811209713047255,0.4552607655932377,9.084345142023489,0.39942830648809563,20.919273923768298,9.37122651455742,0.29766053459982167,0.3637607570467935,May,4.739337555623961,354.299741273767,4.434150826910475,126.50143783149866,4.1284843609895985,6.612180611764925,565.9263066960812,36.1715462440684,132.3305577938938,4385.448375667447,1508.7430569841597,616.8762555551587,0.0,2.921075129622425,95.65348243811809,Btm
54,-51,7.91,48.59312993385961,1.21,2.72,5323.2,169.26,37.01,21.85375369307225,0.0,0.19812632998411317,0.5358239650651127,6.0283483659303645,0.0,20.604682239044603,5.540532522047239,0.34169805727700586,0.25022266984024777,May,5.578013377733839,348.97165231089707,0.0,74.79120575117763,2.839889568042762,7.590422668703065,380.0466919402857,21.667114334318203,48.70624048706241,4223.2646339637695,1522.7319481588152,616.4147940392138,0.0,3.195333433069212,63.47540802736787,Btm
55,-54,7.88,24.36536045326316,1.76,11.75,6810.39,168.89,33.87,21.162535449049876,0.0,0.16978406551846703,0.37616235156630584,5.008603678992509,0.0,2.1821266454065094,0.12364067289438196,0.3675200801101171,0.0,May,3.9159103848251697,36.95763575310801,0.0,1.66901556282913,0.0,8.164028702714909,486.2237357835893,31.515802668099205,210.40379622168504,4214.032636359099,1393.540423781115,596.9180449905474,0.0,2.7382362606579,52.738020909373866,Btm
56,-54,7.88,29.106606926961092,0.98,3.62,5758.38,176.14,35.28,21.476446693006785,0.0,0.16978406551846703,0.5988097391976697,6.462144518469007,0.0,2.397818366172681,0.15953169166275558,0.35233003517850625,0.0,May,6.233705384110657,40.610703308933694,0.0,2.15350555700264,0.0,7.826599621887425,411.1161087193986,17.5485719401916,64.82227594234041,4394.929886720894,1451.5531783583626,605.7723378277376,0.0,2.7382362606579,68.04305842041927,Btm
57,-54,7.84,22.94298651115378,1.74,9.06,8768.81,180.84,38.78,22.095066571162903,0.0,0.1811209713047255,0.46990862004266953,9.22031110028187,0.0,47.75999992531036,25.944957634611214,0.44045694355450504,0.5846336112858497,May,4.891824068734848,808.8882854364603,0.0,350.22890975447103,6.635269677515034,9.78423581212664,626.0439646740488,31.157668546870806,162.23475691646522,4512.201207645092,1595.5564698621683,623.2213513993993,0.0,2.921075129622425,97.08513405385064,Btm
58,3,8.16,-4.840717824716118,0.09,0.62,0.0,59.64,13.15,7.49972749545969,0.0,0.19623684568640343,9.09895967620296,0.0,0.3158041693897773,0.30597627346770107,0.0,0.30677052442361175,0.0,May,94.7216289423585,5.182173861318696,3.505818931946906,0.0,0.0,6.814548380025584,0.0,1.6116035455278002,11.102157758080402,1488.0982084934378,541.0409380785846,211.53999648717144,0.0,3.164860288241791,0.0,Top
1,0,7.41,-2.0776580605814194,0.28,0.9,640.99,27.28,14.73,5.979251861049527,0.0,0.0,5.97896667847398,0.9619977784454676,0.0,0.7618261005068109,0.0,0.0,0.28116402030168275,Aug,62.242001649739535,12.902684447307278,0.0,0.0,3.191056864166187,0.0,45.76309908829346,5.013877697197601,16.116035455278002,680.6726882578971,606.0481382431599,168.65291684905444,0.0,0.0,10.129341869715173,Top
2,0,7.21,0.9039777732601477,0.89,1.78,964.72,29.24,12.46,6.355536348919695,0.0,0.0,4.486350310076876,1.1076755908651612,0.0,0.9243943030445201,0.0,0.0,0.29836130189560695,Aug,46.70362596374012,15.656024372409053,0.0,0.0,3.3862365440427524,0.0,68.87560952972505,15.9369683946638,31.8739367893276,729.5773242177752,512.6517177535487,179.2665317157841,0.0,0.0,11.663254315142886,Top
3,0,7.23,-0.4513112421223833,0.8,1.63,954.15,32.61,12.16,6.011972251299107,0.0,0.0,4.361843547256705,1.091489167262973,0.0,0.8441090370159644,0.0,0.0,0.2949214088654688,Aug,45.40749060229758,14.29627120479582,0.0,0.0,3.3471956516339665,0.0,68.12097067831823,14.325364849136003,29.1879308801146,813.6633564549128,500.30857848179386,169.57583988094396,0.0,0.0,11.492819598984251,Top
4,-3,7.16,0.3618621671071356,1.1,2.13,1469.05,33.97,14.02,6.235902422069669,0.0,0.0,3.611873399445796,1.3375228060162332,0.0,0.8289385424865213,0.0,0.0,0.28116402030168275,Aug,37.60018113102016,14.039335791723484,0.0,0.0,3.191056864166187,0.0,104.88194935280973,19.697376667562004,38.141283910824605,847.5971854882978,576.8360419666735,175.892094380438,0.0,0.0,14.083427284595501,Top
5,-3,7.19,2.168914187617176,1.35,2.11,1615.31,32.37,13.93,6.417909592832957,0.0,0.0,3.9531684081175578,1.3342855212957956,0.0,0.8983377119051124,0.0,0.0,0.27428663615384963,Aug,41.153116886503824,15.214716345523886,0.0,0.0,3.113002339732716,0.0,115.32409489744194,24.174053182917007,37.7831497895962,807.6750336843155,573.1331001851471,181.02585374532356,0.0,0.0,14.049340341363774,Top
6,-3,7.14,0.9039777732601483,1.03,2.05,1587.38,36.76,14.04,6.292140592811134,0.0,0.0,4.007365469580455,1.38284479210236,0.0,0.8744677900267185,0.0,0.0,0.270848271613448,Aug,41.7173169850141,14.81044289050062,0.0,0.0,3.0739787948410853,0.0,113.33004919074443,18.443907243262604,36.708747425911,917.2114376964918,577.6589179181238,177.47836834149814,0.0,0.0,14.560644489839678,Top
7,-6,7.24,2.168914187617176,1.33,2.49,1943.34,33.91,13.1,6.319748422084218,0.0,0.0,3.093339351935909,1.4411159170702375,0.0,0.8137739692743673,0.0,0.0,0.267410125428723,Aug,32.20215856689474,13.782500665171183,0.0,0.0,3.03495772816619,0.0,138.74360127653193,23.815919061688604,44.58769809293581,846.1001047956483,538.9837481999589,178.25708464965496,0.0,0.0,15.174209468010764,Top
8,-6,7.25,2.078561586591674,3.49,7.38,6170.38,56.95,14.26,8.303422080964996,0.0,0.17356303411388652,0.5651196739639763,1.5673700211673052,0.0,0.9026792686629139,0.0,0.0,0.29148173419100737,Aug,5.882986403955615,15.28824721670134,0.0,0.0,3.3081572374419177,0.0,440.5306032113203,62.494404154355806,132.15149073327962,1420.9790907729928,586.7105533840773,234.2092934579583,0.0,2.7991825503127417,16.503600254048116,Top
9,-6,7.36,2.168914187617176,2.01,3.77,3975.13,50.94,16.24,7.529380349123373,0.0,0.18678942419785471,2.2393694375340343,1.8490137918453793,0.0,1.0418643057720467,0.0,0.0,0.2846030399091143,Aug,23.312194852530023,17.645557648059864,0.0,0.0,3.2300878437080276,0.0,283.8020375962932,35.9924791834542,67.50828185155342,1271.021508059284,668.1752725776588,212.3763954848214,0.0,3.012494564104687,19.46916431520836,Top
10,-9,7.23,3.2531453999232,2.68,6.66,6636.68,59.4,14.63,8.098919641905121,0.0,0.0,0.48309168904715816,1.7842680974366265,0.0,1.1312898351795764,0.0,0.0,0.28804227787222253,Aug,5.029061930534646,19.16011508670782,0.0,0.0,3.2691213014666047,0.0,473.8218138462307,47.9899722446056,119.25866236905722,1482.1098857228403,601.9337584859082,228.44102450864864,0.0,0.0,18.78742545057382,Top
11,-9,7.24,1.8978563845406697,2.75,7.16,7347.8,67.55,17.19,9.276853690889997,0.0,0.0,0.7511474254717605,1.5706073058877428,0.0,0.9635118174203272,0.0,0.0,0.270848271613448,Aug,7.819565120463882,16.318539011928852,0.0,0.0,3.0739787948410853,0.0,524.5918024945205,49.24344166890501,128.21201539976724,1685.4633464743747,707.2618802715491,261.6662536566721,0.0,0.0,16.53768719727984,Top
12,-9,7.26,3.614555804025208,3.0,8.58,7683.92,70.04,18.1,9.613260203143488,0.0,0.0,0.8712598319571015,1.3180990976936073,0.0,1.0810992797479588,0.0,0.0,0.2846030399091143,Aug,9.069954527973158,18.310061644671073,0.0,0.0,3.2300878437080276,0.0,548.5888896028329,53.72011818426001,153.63953800698363,1747.5921952193223,744.7027360625386,271.1550560782864,0.0,0.0,13.878905625205139,Top
13,-12,7.23,2.620677192744686,1.65,3.86,3962.99,40.34,13.21,7.294202544204516,0.0,0.0,1.7384128153634657,1.6515394238986836,0.47998391394307105,0.9743847421204034,0.0,0.0,0.28116402030168275,Aug,18.09715610413768,16.50268853940118,5.328418227609581,0.0,3.191056864166187,0.0,282.935309530439,29.546065001343003,69.1198853970812,1006.5372523579022,543.5095659329356,205.74288619311528,0.0,0.0,17.389860778073015,Top
14,-12,7.27,2.34961938966818,1.87,4.73,5858.91,53.74,14.34,8.109144763858115,0.0,0.0,0.8478232648380106,1.9979288889855105,0.0,1.5218828544424647,0.0,0.0,0.28804227787222253,Aug,8.825976106995737,25.775402317635404,0.0,0.0,3.2691213014666047,0.0,418.2933881642357,33.48554033485541,84.69871967051662,1340.8852737162533,590.0020571898787,228.72943795611414,0.0,0.0,21.0371637038678,Top
15,-12,7.52,2.620677192744686,2.34,6.56,7616.23,86.74,20.95,10.793239276518962,0.0,0.0,0.6486124443257378,2.192165972211768,0.0,1.1160076815241076,0.0,0.0,0.2949214088654688,Aug,6.752159528687672,18.90128855640044,0.0,0.0,3.3471956516339665,0.0,543.7562023888568,41.90169218372281,117.4679917629152,2164.2796546733866,861.962559144209,304.4379679158029,0.0,0.0,23.082380297771415,Top
16,-15,7.6,4.066318809152718,2.19,5.78,5851.43,56.06,15.77,8.178675593138472,0.0,0.0,0.9137386098604539,1.8490137918453793,0.0,1.2406202771500103,0.0,0.0,0.3052417430229131,Aug,9.512165415994732,21.01179251321066,0.0,0.0,3.4643257635105336,0.0,417.75935802151827,39.21568627450981,103.50076103500761,1398.7723938320275,648.8376877185764,230.6906493988794,0.0,0.0,19.46916431520836,Top
17,-15,7.42,-0.9934268482753946,2.48,6.49,6148.93,92.96,21.43,10.920030788736085,0.0,0.19245787709098394,1.04556929990534,1.3083872435322945,0.0,1.0418643057720467,0.0,0.0,0.25365972424658956,Aug,10.884544033992714,17.645557648059864,0.0,0.0,2.878898243633975,0.0,438.9991932432336,44.40863103232161,116.21452233861582,2319.477019811368,881.7115819790166,308.0142946643749,0.0,3.1039139985869495,13.77664479550996,Top
18,-15,7.66,0.0908043640306293,1.69,4.21,6373.94,102.31,25.26,11.896529935246983,0.0,0.16978406551846703,0.8097388432694879,1.700098694705248,0.0,1.083280148534893,0.0,0.0,0.25709699700860794,Aug,8.429511172907432,18.3469979766766,0.0,0.0,2.917909397441924,0.0,455.063648111261,30.2623332437998,75.3872325185782,2552.772094415889,1039.292326681753,335.5577788973284,0.0,2.7382362606579,17.90116492654892,Top
19,-18,7.36,4.969844819407739,2.26,7.59,6822.93,70.86,18.15,9.326956788459666,0.0,0.0,0.7423587128021015,1.489675187876802,0.0,1.0614768986099983,0.0,0.0,0.25365972424658956,Aug,7.728073212597351,17.97772675648666,0.0,0.0,2.878898243633975,0.0,487.1190216110861,40.469155698809196,135.9118990061778,1768.0522980188632,746.7599259411644,263.079479549253,0.0,0.0,15.685513616486668,Top
20,-18,7.36,1.8978563845406695,2.05,7.67,6154.58,86.91,21.1,10.655200130153547,0.0,0.0,0.7657952799211923,1.3083872435322945,0.0,1.0810992797479588,0.0,0.0,0.260534488126303,Aug,7.97205163357477,18.310061644671073,0.0,0.0,2.9569230294666093,0.0,439.40257162643593,36.708747425911,137.34443549109142,2168.5213833025596,868.1341287800865,300.544386375019,0.0,0.0,13.77664479550996,Top
21,-18,7.39,5.331255223509747,2.02,7.71,6541.42,104.73,26.05,12.984482911045514,0.0,0.0,0.47576776182244224,1.3245736671344828,0.0,1.4976340891007696,0.0,0.0,0.260534488126303,Aug,4.952818673979203,25.364712571993252,0.0,0.0,2.9569230294666093,0.0,467.02078291103544,36.1715462440684,138.06070373354822,2613.154349019412,1071.7959267640404,366.24496970765557,0.0,0.0,13.947079511668594,Top
22,-21,7.45,1.4460933794131599,1.88,6.88,5972.64,88.23,22.04,11.285067642457959,0.0,0.17356303411388652,0.5636548885190332,1.1109128755855988,0.0,1.017906651723204,0.0,0.0,0.0,Aug,5.867737752644526,17.239798315209068,0.0,0.0,0.0,0.0,426.41307374328,33.6646073954696,123.19813770256961,2201.4571585408453,906.8092984982513,318.31065473889254,0.0,2.7991825503127417,11.697341258374614,Mid
23,-21,7.46,1.6267985814641632,1.15,3.45,5731.21,100.17,26.55,12.621491081714236,0.0,0.0,0.882978115516647,2.386403055438026,0.3498696017090852,1.0549382800751246,0.0,0.0,0.0,Aug,9.191943738461868,17.866985300371326,3.8839875855804307,0.0,0.0,0.0,409.1763227598221,20.592711970633,61.778135911899014,2499.376216378063,1092.3678255502984,356.00629232263094,0.0,0.0,25.12759689167503,Mid
24,-21,7.4,5.421607824535248,1.67,4.24,6123.09,112.94,26.8,12.66443659391681,0.0,0.0,0.44207769658874907,2.1403694166847664,0.0,1.1072776808430307,0.0,0.0,0.260534488126303,Aug,4.6020996938241625,18.753432708539915,0.0,0.0,2.9569230294666093,0.0,437.1543618411189,29.904199122571402,75.92443370042082,2818.004890463596,1102.6537749434274,357.217628801986,0.0,0.0,22.536989206063787,Mid
25,-24,7.55,1.5364459804386612,2.06,8.09,6233.13,96.01,23.86,12.397560910943675,0.0,0.17356303411388652,0.6295702335414763,1.1368111533490999,0.3189008188862712,1.1662427072569996,0.0,0.3022154498314171,0.25365972424658956,Aug,6.553927061643518,19.752095170669328,3.5401955915438634,0.0,2.878898243633975,6.713362725890599,445.01060206900985,36.88781448652521,144.86525203688782,2395.578621687709,981.6910100802304,349.69003782313695,0.0,2.7991825503127417,11.970036804228428,Mid
26,-24,7.54,1.4460933794131596,1.42,4.85,5784.02,108.06,25.61,12.012073813315814,0.0,0.0,0.7321052146874992,1.745420680791375,0.0,0.8354394579398797,0.0,0.0,0.0,Aug,7.62133265341973,14.149438688772436,0.0,0.0,0.0,0.0,412.946661240692,25.427522607216403,86.84752439788701,2696.2423274614503,1053.6926558321334,338.8168508536883,0.0,0.0,18.378382131793096,Mid
27,-24,7.53,2.620677192744686,1.63,4.76,5992.66,109.14,26.59,12.889389276882671,0.0,0.17923148700701574,0.5255704669505105,2.143606701405204,0.0,1.2099773009093728,0.0,0.3022154498314171,0.25365972424658956,Aug,5.471272818556219,20.49280707454395,0.0,0.0,2.878898243633975,6.713362725890599,427.84238971349424,29.1879308801146,85.2359208523592,2723.189779929138,1094.0135774531989,363.56272464622657,0.0,2.8906019847950044,22.57107614929551,Mid
28,-27,7.51,3.7049084050507104,1.45,6.75,6113.48,98.35,23.94,11.90061998402818,0.0,0.0,0.5372887505100559,1.376370222661485,0.0,1.120373406923906,0.0,0.3006971270474854,0.26397219759967466,Aug,5.593262029044928,18.97522876031275,0.0,0.0,2.9959391397080317,6.679634961181008,436.4682616176544,25.964723789059,120.870265914585,2453.9647687010324,984.9825138860317,335.6731442763146,0.0,0.0,14.492470603376226,Mid
29,-27,7.7,-0.3609586410968812,0.7,5.49,5499.28,124.37,31.18,14.913963423575424,0.0,0.0,0.8331754103885788,1.1691840005534764,0.0,1.9252120684838359,0.0,0.3128442051074697,0.270848271613448,Aug,8.67348959388485,32.60639639055342,0.0,0.0,3.0739787948410853,6.949468092220043,392.6178186153769,12.534694242994,98.30781627719581,3103.1987624132944,1282.863608311047,420.6685872443918,0.0,0.0,12.310906236545701,Mid
30,-27,7.7,-0.45131124212238266,0.94,4.33,5175.5,134.55,32.7,15.4426022285452,0.0,0.0,0.8229219122739765,1.285726250489231,0.0,1.3041703593898994,0.0,0.29766053459982167,0.260534488126303,Aug,8.566749034707229,22.08810987382121,0.0,0.0,2.9569230294666093,6.612180611764925,369.50173845373996,16.8323036977348,77.5360372459486,3357.203453266131,1345.4021806212716,435.5795624783572,0.0,0.0,13.538036192887871,Mid
31,-30,7.62,1.1750355763366533,1.24,5.59,5819.32,102.25,25.6,12.777935447595041,0.0,0.1678945812207573,3.106522420940398,1.6288784308556203,0.0,1.2428099674912738,0.0,0.0,0.260534488126303,Aug,32.33939642869454,21.04887825166442,0.0,0.0,2.9569230294666093,0.0,415.4668837056551,22.204315516160804,100.09848688333781,2551.275013723239,1053.2812178564081,360.41901806885284,0.0,2.7077631158304794,17.151252175450928,Mid
32,-30,7.7,0.9943303742856496,1.14,5.95,5331.96,128.56,32.02,15.676757521268755,0.0,0.0,0.8419641230582379,1.9461323334585083,0.0,1.539527504229475,0.0,0.0,0.27428663615384963,Aug,8.764981501751384,26.074241315450763,0.0,0.0,3.113002339732716,0.0,380.6721069202596,20.413644910018803,106.54490106544903,3207.7448974499725,1317.4243982719606,442.18423042531674,0.0,0.0,20.49177261216017,Mid
33,-30,7.69,2.259266788642678,1.25,5.73,4896.29,139.59,33.52,16.26981459454239,0.0,0.0,0.698415149453806,1.1756585699943516,0.0,1.2690956773568118,0.0,0.30677052442361175,0.0,Aug,7.270613673264688,21.494066752876023,0.0,0.0,0.0,6.814548380025584,349.56770688313446,22.383382576775002,102.60542573193662,3482.9582314486747,1379.1400946307347,458.91221037831457,0.0,0.0,12.379080123009153,Mid
34,-33,7.69,-1.4451898534029046,0.96,3.89,5442.3,131.44,32.04,15.905800253015812,0.0,0.0,0.9181329661952834,1.7745562432753137,0.0,1.159686687299888,0.0,0.0,0.0,Aug,9.557911369927997,19.641058994984895,0.0,0.0,0.0,0.0,388.5497654693825,17.1904378189632,69.65708657892381,3279.6047706971403,1318.2472742234108,448.6446916485434,0.0,0.0,18.68516462087864,Mid
35,-33,7.7,0.632919970183642,0.96,3.07,4701.14,146.52,33.52,17.31277703374775,0.0,0.17356303411388652,0.8961611845211357,1.80692909047969,0.0,1.561594192352136,0.0,0.3052521485194803,0.0,Aug,9.329181600261666,26.447974262450646,0.0,0.0,0.0,6.780819435312888,335.63508892173036,17.1904378189632,54.9735876085594,3655.8710514496734,1379.1400946307347,488.3303820197938,0.0,2.7991825503127417,19.02603405319591,Mid
36,-33,7.71,-0.180253439045877,0.96,5.39,4597.23,141.82,33.52,16.737102667794204,0.0,0.0,0.7657952799211923,1.7259969724687492,0.0,1.3129438636265707,0.0,0.3082889180344764,0.0,Aug,7.97205163357477,22.236702520604478,0.0,0.0,0.0,6.848277718072647,328.2164963910128,17.1904378189632,96.51714567105381,3538.599730525475,1379.1400946307347,472.09270492748715,0.0,0.0,18.173860472402733,Mid
37,-36,7.4,4.789139617356735,3.34,7.51,6577.69,140.51,32.95,16.871051765378418,0.0,0.0,0.45233119470335137,1.1691840005534764,0.0,1.1727998148030008,0.0,0.3022154498314171,0.0,Aug,4.708840253001784,19.86314976632682,0.0,0.0,0.0,6.713362725890599,469.610257947982,59.808398245142804,134.47936252126422,3505.913468735964,1355.6881300144003,475.8709210892849,0.0,0.0,12.310906236545701,Mid
38,-36,7.38,5.060197420433241,1.37,3.32,4801.22,142.47,34.81,17.41809578986358,0.0,0.0,0.5900210265280106,1.6709631322213094,0.0,1.0985496136533137,0.0,0.3082889180344764,0.0,Aug,6.142213476244125,18.605609607298177,0.0,0.0,0.0,6.848277718072647,342.7802408847195,24.532187304145403,59.4502641239144,3554.8181046958425,1432.2155934992802,491.30104052868813,0.0,0.0,17.594382437463377,Mid
39,-36,7.39,3.5242032029997064,2.29,6.23,4800.89,140.99,33.54,17.543864789885404,0.0,0.0,0.49334518716176046,1.0979637367038484,0.0,1.1509470191620124,0.0,0.3052521485194803,0.0,Aug,5.135802489712268,19.493039414030424,0.0,0.0,0.0,6.780819435312888,342.75668073136427,41.0063568806518,111.55877876264663,3517.8901142771597,1379.9629705821847,494.84852593251355,0.0,0.0,11.560993485447707,Mid
40,-39,7.36,1.5364459804386612,1.87,5.21,5255.96,142.18,34.31,18.0397832046056,0.0,0.0,0.6500772297706809,3.635994957526953,0.0,0.5416400742674465,0.0,0.31436266954526726,0.0,Aug,6.76740817999876,9.1734989883383,0.0,0.0,0.0,6.983199003604576,375.2461322081575,33.48554033485541,93.29393857999821,3547.582214681371,1411.6436947130221,508.8365781345895,0.0,0.0,38.28515697912164,Mid
41,-39,7.44,-1.7162476564794116,1.24,6.42,4862.79,135.92,34.25,17.351632497169124,0.0,0.1678945812207573,0.7247812874627833,0.8875402298754022,0.0,1.2056016663663558,0.0,0.3538489599913678,0.0,Aug,7.545089396864285,20.41869904421035,0.0,0.0,0.0,7.860340759965518,347.1759943455632,22.204315516160804,114.96105291431641,3391.3867957482903,1409.175066858671,489.4263531201625,0.0,2.7077631158304794,9.345342175385454,Mid
42,-39,7.44,1.446093379413159,1.81,6.26,4723.46,146.49,34.31,17.931396911903867,0.0,0.0,0.5856266701931809,1.1562348616717257,0.0,1.297591500066101,0.0,0.0,0.0,Aug,6.096467522310857,21.97668687870234,0.0,0.0,0.0,0.0,337.2286120213898,32.411137971170206,112.0959799444892,3655.1225111033486,1411.6436947130221,505.77939559145534,0.0,0.0,12.17455846361879,Mid
43,-42,7.39,-1.8969528585304156,1.15,3.06,5112.59,150.0,35.32,17.919126765560275,0.0,0.0,0.7921614179301697,1.4475904865111127,0.0,2.1574830852977946,0.0,0.0,0.0,Aug,8.246527357174367,36.54025955724197,0.0,0.0,0.0,0.0,365.0103164913934,20.592711970633,54.79452054794521,3742.701731623334,1453.198930261263,505.43329945449676,0.0,0.0,15.242383354474217,Btm
44,-42,7.39,-0.27060604007137906,0.82,2.16,4460.05,150.39,34.57,17.47331144840975,0.0,0.0,0.610528022757215,6.97687278901859,0.0,1.3788067754386972,0.0,0.0,0.0,Aug,6.355694594599365,23.35219116995287,0.0,0.0,0.0,0.0,318.42261203566864,14.6834989703644,38.67848509266721,3752.4327561255545,1422.3410820818763,492.85847314500177,0.0,0.0,73.46288239426386,Btm
45,-42,7.43,1.5364459804386612,1.21,3.21,4574.02,147.11,34.66,17.98661257045003,0.0,0.17545251841159626,0.52996482328534,7.07399133063172,0.0,3.1019275443511023,0.0,0.0,0.0,Aug,5.517018772489486,52.535863836310256,0.0,0.0,0.0,0.0,326.55943227169854,21.667114334318203,57.480526457158206,3670.5923449273914,1426.0440238634023,507.3368282077688,0.0,2.8296556951401626,74.48549069121567,Btm
46,-45,7.49,-0.45131124212238327,1.21,4.31,5148.99,148.27,34.92,18.23303800951718,0.0,0.0,0.7189221456830106,1.2695398268870428,0.0,1.297591500066101,0.0,0.0,0.0,Aug,7.484094791619931,21.97668687870234,0.0,0.0,0.0,0.0,367.60907280087383,21.667114334318203,77.1779031247202,3699.5359049852786,1436.7414112322567,514.287592291687,0.0,0.0,13.367601476729234,Btm
47,-45,7.46,0.1811569650561314,0.85,3.5,4876.8,145.68,34.66,17.81176298505384,0.0,0.0,0.6764433677796582,1.2695398268870428,0.0,1.2165416590479732,0.0,0.0,0.0,Aug,7.041883903598357,20.603984470021903,0.0,0.0,0.0,0.0,348.1762299470968,15.220700152207002,62.67347121497001,3634.9119217525827,1426.0440238634023,502.4049582561092,0.0,0.0,13.367601476729234,Btm
48,-45,7.47,1.8978563845406695,0.92,2.71,4722.04,144.45,34.94,17.880271302138897,0.0,0.0,0.5519366049594877,6.902415240448525,0.0,1.3348860832429477,0.0,0.0,0.0,Aug,5.745748542155816,22.608327404019846,0.0,0.0,0.0,0.0,337.1272319675584,16.4741695765064,48.5271734264482,3604.2217675532706,1437.564287183707,504.3373283541279,0.0,0.0,72.67888269993414,Btm
49,-48,7.52,1.4460933794131599,1.71,6.54,5696.68,143.13,34.3,18.26575839976676,0.0,0.0,0.5636548885190332,0.9846587714885311,0.0,2.0389508821308486,0.0,0.0,0.25365972424658956,Aug,5.867737752644526,34.53273630056989,0.0,0.0,2.878898243633975,0.0,406.711073986021,30.620467365028205,117.10985764168682,3571.2859923149854,1411.232256737297,515.2105153235765,0.0,0.0,10.367950472337261,Btm
50,-48,7.54,0.2715095660816335,1.05,3.51,4572.73,146.22,34.54,18.545926741278787,0.0,0.0,0.6954855785639196,7.0351439139864675,0.0,1.5240880127146061,0.0,0.3568868627372906,0.25709699700860794,Aug,7.24011637064251,25.812750029039464,0.0,0.0,2.917909397441924,7.927824216124809,326.46733349040096,18.802041364491004,62.85253827558421,3648.385647986426,1421.1067681547006,523.1130437841307,0.0,0.0,74.07644737243493,Btm
51,-48,7.5,1.084682975311151,1.33,3.5,4574.18,146.8,34.62,18.605232448606152,0.0,0.0,0.6281054480965332,1.2177432713600407,0.0,1.3963885867565151,0.0,0.38726978567782905,0.26397219759967466,Aug,6.53867841033243,23.649965902657595,0.0,0.0,2.9959391397080317,8.602745311278605,326.5708553763556,23.815919061688604,62.67347121497001,3662.8574280153703,1424.398271960502,524.7858417794306,0.0,0.0,12.822210385021602,Btm
52,-51,7.54,0.00045176300512661527,1.03,2.82,4750.68,149.45,30.25,18.731001448627975,0.0,0.0,0.6647250842201129,1.418454924027174,0.0,1.9653192887494164,0.0,0.31891816909905935,0.25365972424658956,Aug,6.919894693109649,33.28567320556562,0.0,0.0,2.878898243633975,7.084394097764385,339.1719677011716,18.443907243262604,50.4969110932044,3728.978491940715,1244.5998765686072,528.333327183256,0.0,0.0,14.935600865388674,Btm
53,-51,7.54,0.00045176300512718887,0.7,1.58,4572.05,151.37,35.52,19.038777619413082,0.0,0.19812632998411317,0.6515420152156242,7.245567420814914,0.0,1.5373215000548637,0.0,0.0,0.26397219759967466,Aug,6.78265683130985,26.036879277400985,0.0,0.0,2.9959391397080317,0.0,326.41878529560853,12.534694242994,28.292595577043603,3776.8850741054944,1461.4276897757666,537.0145719519669,0.0,3.195333433069212,76.29209868249718,Btm
54,-51,7.61,3.7049084050507104,1.04,3.23,4791.42,148.08,35.48,19.232032424324665,0.0,0.17545251841159626,0.5035986852763628,7.197008150008349,0.0,2.1194263439955754,0.0,0.0,0.25022266984024777,Aug,5.242543048889889,35.89571072413074,0.0,0.0,2.839889568042762,0.0,342.0805757244747,18.622974303876802,57.83866057838661,3694.795149458556,1459.7819378728657,542.4655861090645,0.0,2.8296556951401626,75.78079453402128,Btm
55,-54,7.51,2.7110297937701877,1.38,7.38,5273.07,151.65,35.86,18.875175668165184,0.0,0.0,0.5665844594089195,7.3167876846645425,0.0,1.499837918097601,0.0,0.0,0.0,Aug,5.898235055266704,25.402037770096896,0.0,0.0,0.0,0.0,376.4676904624215,24.7112543647596,132.15149073327962,3783.871450671191,1475.4165809504216,532.3999567925192,0.0,0.0,77.04201143359519,Btm
56,-54,7.59,0.632919970183642,0.82,3.75,4746.23,145.19,35.02,90.78027826600751,0.0,0.0,0.8551471920627265,1.2112687019191655,0.3963305754587882,1.7496489458550675,0.174497449185048,0.0,0.3465427316635882,Aug,8.90221936355118,29.632967716534576,4.399762160954576,2.355527121828402,3.9330692505230753,0.0,338.85426260289717,14.6834989703644,67.150147730325,3622.6857627626127,1440.8557909895085,2560.5810020592758,0.0,0.0,12.754036498558149,Btm
57,-54,7.53,0.5425673691581392,1.14,7.07,4985.43,140.12,35.79,101.07493104828157,0.0,0.16978406551846703,0.7687248508110788,7.514262052611238,0.41491758559587133,1.831780816975396,0.17150377220441054,0.0,0.3465427316635882,Aug,8.002548936196948,31.023995951754557,4.606101083435517,2.3151157155023023,3.9330692505230753,0.0,355.93180406519735,20.413644910018803,126.60041185423943,3496.1824442337443,1472.5365151203455,2850.955660967522,0.0,2.7382362606579,79.12131497073054,Btm
58,3,7.62,0.00045176300512719814,0.12,0.56,0.0,27.84,16.46,98.95424075523067,0.0,0.1678945812207573,7.190344241441991,7.329736823546293,0.46449026710662544,0.5138750686847373,0.14158145299295788,0.0,0.3052417430229131,Aug,74.8526362840099,8.703256362792787,5.156419483865736,1.911196719667358,3.4643257635105336,0.0,0.0,2.1488047273704,10.027755394395202,694.6454413892909,677.2269080436125,2791.1387119631813,0.0,2.7077631158304794,77.17835920652209,Top
